"species","batch_id","volume","treenumb","canopy_top","canopy_bottom","branchper30","maxbranchradius","branchgroup","crownlength","crownvolume","species_latin","leaf_type","native","growth_rate"
"acer_freemanii_autumnblaze",1158,100,1,298.6,76,6,62,"medium",222.6,0.896060136301618,"Acer freemanii ‘Autumn Blaze’","Deciduous","Non Native","Moderate"
"acer_freemanii_autumnblaze",1158,100,2,289.6,85,6,93,"medium",204.6,1.85310549751325,"Acer freemanii ‘Autumn Blaze’","Deciduous","Non Native","Moderate"
"acer_freemanii_autumnblaze",1158,100,3,303.4,61,4,52,"low",242.4,0.686385216052789,"Acer freemanii ‘Autumn Blaze’","Deciduous","Non Native","Moderate"
"acer_freemanii_autumnblaze",1158,100,4,280.9,60,10,50,"medium",220.9,0.578314847648321,"Acer freemanii ‘Autumn Blaze’","Deciduous","Non Native","Moderate"
"acer_freemanii_autumnblaze",1158,100,5,298.6,59,9,92,"medium",239.6,2.12368982556939,"Acer freemanii ‘Autumn Blaze’","Deciduous","Non Native","Moderate"
"acer_freemanii_autumnblaze",1158,100,6,332.7,57,2,100,"low",275.7,2.88712364864902,"Acer freemanii ‘Autumn Blaze’","Deciduous","Non Native","Moderate"
"acer_freemanii_autumnblaze",1158,100,7,348.6,84,5,98,"medium",264.6,2.66115768553574,"Acer freemanii ‘Autumn Blaze’","Deciduous","Non Native","Moderate"
"acer_freemanii_autumnblaze",1158,100,8,296.9,51,7,58,"medium",245.9,0.866249773051215,"Acer freemanii ‘Autumn Blaze’","Deciduous","Non Native","Moderate"
"acer_freemanii_autumnblaze",1158,100,9,317.3,83,6,85,"medium",234.3,1.77271434062275,"Acer freemanii ‘Autumn Blaze’","Deciduous","Non Native","Moderate"
"acer_freemanii_autumnblaze",1158,100,10,311.6,65,8,92,"medium",246.6,2.18573418608269,"Acer freemanii ‘Autumn Blaze’","Deciduous","Non Native","Moderate"
"angophora_costata",35742,100,3,321.9,53,5,66,"medium",268.9,1.22661223212703,"Angophora costata","Evergreen","Native","Fast"
"angophora_costata",35683,25,8,117,17,10,33,"medium",100,0.11403981332531,"Angophora costata","Evergreen","Native","Fast"
"angophora_costata",35683,25,9,104,24,8,34,"medium",80,0.0968448295346614,"Angophora costata","Evergreen","Native","Fast"
"angophora_costata",35742,100,2,318.9,58,3,54,"low",260.9,0.796691560668573,"Angophora costata","Evergreen","Native","Fast"
"angophora_costata",35683,25,6,144,20,10,43,"medium",124,0.240097265748151,"Angophora costata","Evergreen","Native","Fast"
"angophora_costata",35742,100,1,320.1,50,8,77,"medium",270.1,1.67700613931015,"Angophora costata","Evergreen","Native","Fast"
"angophora_costata",35742,100,5,299.7,38,6,68,"medium",261.7,1.26721459446104,"Angophora costata","Evergreen","Native","Fast"
"angophora_costata",35683,25,10,109,17,8,36,"medium",92,0.124859458424273,"Angophora costata","Evergreen","Native","Fast"
"angophora_costata",35742,100,7,303.2,45,6,52,"medium",258.2,0.731124846472072,"Angophora costata","Evergreen","Native","Fast"
"angophora_costata",35742,100,4,287,40,6,63,"medium",247,1.02661278893273,"Angophora costata","Evergreen","Native","Fast"
"angophora_costata",35683,25,7,127,28,11,43,"high",99,0.191690558944088,"Angophora costata","Evergreen","Native","Fast"
"angophora_costata",35742,100,6,281.7,43,5,65,"medium",238.7,1.0561065843634,"Angophora costata","Evergreen","Native","Fast"
"angophora_costata",34019,600,4,481.2,123,7,119,"medium",358.2,5.31187837195772,"Angophora costata","Evergreen","Native","Fast"
"angophora_costata",35742,100,8,330,48,3,64,"low",282,1.20958856985576,"Angophora costata","Evergreen","Native","Fast"
"angophora_costata",35683,25,4,124,23,10,39,"medium",101,0.160871535012373,"Angophora costata","Evergreen","Native","Fast"
"angophora_costata",35742,100,10,317,44,5,88,"medium",273,2.21389290935534,"Angophora costata","Evergreen","Native","Fast"
"angophora_costata",35683,25,2,128,21,10,42,"medium",107,0.197656443393255,"Angophora costata","Evergreen","Native","Fast"
"angophora_costata",34019,600,5,521.2,117,9,109,"medium",404.2,5.02895700955093,"Angophora costata","Evergreen","Native","Fast"
"angophora_costata",34019,600,1,463.1,116,8,163,"medium",347.1,9.65736043217039,"Angophora costata","Evergreen","Native","Fast"
"angophora_costata",35683,25,1,130,24,10,41,"medium",106,0.186595942857517,"Angophora costata","Evergreen","Native","Fast"
"angophora_costata",34019,600,3,492.5,110,7,26,"medium",382.5,0.270773870812904,"Angophora costata","Evergreen","Native","Fast"
"angophora_costata",35683,25,3,122,20,10,42,"medium",102,0.188420160991701,"Angophora costata","Evergreen","Native","Fast"
"angophora_costata",35742,100,9,310.6,38,5,55,"medium",272.6,0.863534808679983,"Angophora costata","Evergreen","Native","Fast"
"angophora_costata",35683,25,5,116,26,5,37,"medium",90,0.129025210282933,"Angophora costata","Evergreen","Native","Fast"
"angophora_costata",34019,600,2,464,121,10,93,"medium",343,3.10662358576269,"Angophora costata","Evergreen","Native","Fast"
"araucaria_heterophylla",33684,45,5,280,23,8,79,"medium",257,1.67963889867362,"Araucaria heterophylla","Evergreen","Non-Native","Fast"
"araucaria_heterophylla",33684,45,3,294,32,8,62,"medium",262,1.05466197534153,"Araucaria heterophylla","Evergreen","Non-Native","Fast"
"araucaria_heterophylla",33684,45,1,240,26,11,65,"high",214,0.946823665914404,"Araucaria heterophylla","Evergreen","Non-Native","Fast"
"araucaria_heterophylla",33684,45,4,280,30,7,64,"medium",250,1.07233029242532,"Araucaria heterophylla","Evergreen","Non-Native","Fast"
"araucaria_heterophylla",26779,100,8,376.6,76,12,98,"high",300.6,3.02321995567665,"Araucaria heterophylla","Evergreen","Non-Native","Fast"
"araucaria_heterophylla",26779,100,10,353.1,65,8,106,"medium",288.1,3.38987439651908,"Araucaria heterophylla","Evergreen","Non-Native","Fast"
"araucaria_heterophylla",33684,45,2,270,35,11,62,"high",235,0.945975435897935,"Araucaria heterophylla","Evergreen","Non-Native","Fast"
"araucaria_heterophylla",33684,45,6,280,30,12,69,"high",250,1.24642688531175,"Araucaria heterophylla","Evergreen","Non-Native","Fast"
"araucaria_heterophylla",33684,45,8,280,25,11,70,"high",255,1.30847334022015,"Araucaria heterophylla","Evergreen","Non-Native","Fast"
"araucaria_heterophylla",26779,100,9,316.7,75,9,107,"medium",241.7,2.89782946337417,"Araucaria heterophylla","Evergreen","Non-Native","Fast"
"araucaria_heterophylla",26779,100,7,377.8,75,10,100,"medium",302.8,3.1709141850233,"Araucaria heterophylla","Evergreen","Non-Native","Fast"
"araucaria_heterophylla",33684,45,7,290,27,12,70,"high",263,1.34952348422706,"Araucaria heterophylla","Evergreen","Non-Native","Fast"
"araucaria_heterophylla",26779,100,5,364.5,75,10,100,"medium",289.5,3.03163691071415,"Araucaria heterophylla","Evergreen","Non-Native","Fast"
"araucaria_heterophylla",26779,100,6,351.2,73,11,89,"high",278.2,2.30762777160246,"Araucaria heterophylla","Evergreen","Non-Native","Fast"
"araucaria_heterophylla",33684,45,9,260,22,7,65,"medium",238,1.05300949760574,"Araucaria heterophylla","Evergreen","Non-Native","Fast"
"araucaria_heterophylla",33684,45,10,270,25,14,80,"high",245,1.64200576027627,"Araucaria heterophylla","Evergreen","Non-Native","Fast"
"araucaria_heterophylla",26779,100,4,351.4,70,11,90,"high",281.4,2.38691926634445,"Araucaria heterophylla","Evergreen","Non-Native","Fast"
"araucaria_heterophylla",26779,100,3,355.1,70,16,59,"high",285.1,1.03927351204645,"Araucaria heterophylla","Evergreen","Non-Native","Fast"
"araucaria_heterophylla",26779,100,1,321.1,79,10,110,"medium",242.1,3.06767097845083,"Araucaria heterophylla","Evergreen","Non-Native","Fast"
"araucaria_heterophylla",26779,100,2,329.9,69,17,98,"high",260.9,2.62394572999347,"Araucaria heterophylla","Evergreen","Non-Native","Fast"
"banksia_integrifolia",34137,15,2,129,28,5,34,"medium",101,0.12226659728751,"Banksia integrifolia","Evergreen","Native","Moderate"
"banksia_integrifolia",34137,15,4,159.1,10,3,30,"low",149.1,0.140523439395071,"Banksia integrifolia","Evergreen","Native","Moderate"
"banksia_integrifolia",34137,15,5,160.8,23,3,39,"low",137.8,0.219486114105989,"Banksia integrifolia","Evergreen","Native","Moderate"
"banksia_integrifolia",34137,15,6,195,15,5,37,"medium",180,0.258050420565866,"Banksia integrifolia","Evergreen","Native","Moderate"
"banksia_integrifolia",34137,15,3,115.7,10,6,44,"medium",105.7,0.214293480328626,"Banksia integrifolia","Evergreen","Native","Moderate"
"banksia_integrifolia",34084,400,10,414.1,126,14,125,"high",288.1,4.71402522655843,"Banksia integrifolia","Evergreen","Native","Moderate"
"banksia_integrifolia",34137,15,8,118.4,4,6,37,"medium",114.4,0.164005378404083,"Banksia integrifolia","Evergreen","Native","Moderate"
"banksia_integrifolia",34137,15,9,117.2,22,14,41,"high",95.2,0.167584280755053,"Banksia integrifolia","Evergreen","Native","Moderate"
"banksia_integrifolia",33033,45,2,164.5,65,3,50,"low",99.5,0.260490390860154,"Banksia integrifolia","Evergreen","Native","Moderate"
"banksia_integrifolia",34084,400,2,385,96,6,92,"medium",289,2.56154574119179,"Banksia integrifolia","Evergreen","Native","Moderate"
"banksia_integrifolia",34084,400,3,419.1,107,8,90,"medium",312.1,2.64732588140051,"Banksia integrifolia","Evergreen","Native","Moderate"
"banksia_integrifolia",34084,400,4,402.3,112,8,80,"medium",290.3,1.94560927431918,"Banksia integrifolia","Evergreen","Native","Moderate"
"banksia_integrifolia",34084,400,5,400.1,98,6,60,"medium",302.1,1.13889016877937,"Banksia integrifolia","Evergreen","Native","Moderate"
"banksia_integrifolia",34084,400,6,447.7,117,8,80,"medium",330.7,2.21637267315658,"Banksia integrifolia","Evergreen","Native","Moderate"
"banksia_integrifolia",34137,15,7,127.2,30,7,50,"medium",97.2,0.254469004940773,"Banksia integrifolia","Evergreen","Native","Moderate"
"banksia_integrifolia",34084,400,7,369.4,119,11,105,"high",250.4,2.8909563916864,"Banksia integrifolia","Evergreen","Native","Moderate"
"banksia_integrifolia",34084,400,8,424.4,95,6,65,"medium",329.4,1.45740053996357,"Banksia integrifolia","Evergreen","Native","Moderate"
"banksia_integrifolia",34084,400,9,361,114,10,90,"medium",247,2.09512814067903,"Banksia integrifolia","Evergreen","Native","Moderate"
"banksia_integrifolia",34042,75,1,266.1,110,12,40,"high",156.1,0.261548060386862,"Banksia integrifolia","Evergreen","Native","Moderate"
"banksia_integrifolia",34042,75,2,253.4,110,10,60,"medium",143.4,0.540605263829732,"Banksia integrifolia","Evergreen","Native","Moderate"
"banksia_integrifolia",33032,45,1,285.8,37,3,100,"low",248.8,2.60542750737714,"Banksia integrifolia","Evergreen","Native","Moderate"
"banksia_integrifolia",34042,75,4,237.6,100,10,70,"medium",137.6,0.706062476918794,"Banksia integrifolia","Evergreen","Native","Moderate"
"banksia_integrifolia",34137,15,1,92,40,10,39,"medium",52,0.0828249487192413,"Banksia integrifolia","Evergreen","Native","Moderate"
"banksia_integrifolia",34084,400,1,325.7,109,6,130,"medium",216.7,3.83507828791872,"Banksia integrifolia","Evergreen","Native","Moderate"
"banksia_integrifolia",33034,45,3,175.1,47,4,37,"low",128.1,0.183645882636041,"Banksia integrifolia","Evergreen","Native","Moderate"
"banksia_integrifolia",33035,45,4,198.4,107,6,40,"medium",91.4,0.15314216988699,"Banksia integrifolia","Evergreen","Native","Moderate"
"banksia_integrifolia",33036,45,5,195.1,55,10,49,"medium",140.1,0.352256416991267,"Banksia integrifolia","Evergreen","Native","Moderate"
"banksia_integrifolia",33037,45,6,349.5,44,3,42,"low",305.5,0.564336854734949,"Banksia integrifolia","Evergreen","Native","Moderate"
"banksia_integrifolia",34042,75,6,336.8,92,4,48,"low",244.8,0.590639525067864,"Banksia integrifolia","Evergreen","Native","Moderate"
"banksia_integrifolia",34042,75,7,363,105,2,50,"low",258,0.675442420521805,"Banksia integrifolia","Evergreen","Native","Moderate"
"banksia_integrifolia",34042,75,3,287.8,128,7,40,"medium",159.8,0.267747469889946,"Banksia integrifolia","Evergreen","Native","Moderate"
"banksia_integrifolia",34042,75,5,258.9,127,5,50,"medium",131.9,0.345313392507078,"Banksia integrifolia","Evergreen","Native","Moderate"
"banksia_integrifolia",34042,75,10,326.8,127,6,56,"medium",199.8,0.656145501806396,"Banksia integrifolia","Evergreen","Native","Moderate"
"banksia_integrifolia",32822,200,2,355.7,143,8,80,"medium",212.7,1.4255290824929,"Banksia integrifolia","Evergreen","Native","Moderate"
"banksia_integrifolia",34042,75,8,286.4,124,5,44,"medium",162.4,0.329245612160538,"Banksia integrifolia","Evergreen","Native","Moderate"
"banksia_integrifolia",34042,75,9,312.7,110,7,70,"medium",202.7,1.040108023775,"Banksia integrifolia","Evergreen","Native","Moderate"
"banksia_integrifolia",32821,200,1,383.5,114,3,50,"low",269.5,0.705549350118708,"Banksia integrifolia","Evergreen","Native","Moderate"
"banksia_integrifolia",32823,200,3,365.8,93,9,82,"medium",272.8,1.92088200798229,"Banksia integrifolia","Evergreen","Native","Moderate"
"brachychiton_acerifolius",33117,45,1,225.7,100,6,62,"medium",125.7,0.505996222520725,"Brachychiton acerifolius","Deciduous","Native","Slow"
"brachychiton_acerifolius",33117,45,2,217.8,42,6,40,"medium",175.8,0.294555727200579,"Brachychiton acerifolius","Deciduous","Native","Slow"
"brachychiton_acerifolius",33117,45,5,165.2,72,2,23,"low",93.2,0.0516297714271356,"Brachychiton acerifolius","Deciduous","Native","Slow"
"brachychiton_acerifolius",33117,45,6,254.8,123,6,90,"medium",131.8,1.11796716170646,"Brachychiton acerifolius","Deciduous","Native","Slow"
"brachychiton_acerifolius",33117,45,4,226.1,96,4,73,"low",130.1,0.7260250991175,"Brachychiton acerifolius","Deciduous","Native","Slow"
"brachychiton_acerifolius",33924,100,1,420.5,210,2,80,"low",210.5,1.41078454097206,"Brachychiton acerifolius","Deciduous","Native","Slow"
"brachychiton_acerifolius",33924,100,2,404.8,200,3,50,"low",204.8,0.536165146212658,"Brachychiton acerifolius","Deciduous","Native","Slow"
"brachychiton_acerifolius",33117,45,3,189.9,120,10,42,"medium",69.9,0.129123227973725,"Brachychiton acerifolius","Deciduous","Native","Slow"
"brachychiton_acerifolius",33924,100,4,425.4,204,5,75,"medium",221.4,1.30415365032146,"Brachychiton acerifolius","Deciduous","Native","Slow"
"brachychiton_acerifolius",33924,100,5,393.9,210,8,90,"medium",183.9,1.55989500028694,"Brachychiton acerifolius","Deciduous","Native","Slow"
"brachychiton_acerifolius",33924,100,6,387.2,220,10,110,"medium",167.2,2.11860630977686,"Brachychiton acerifolius","Deciduous","Native","Slow"
"brachychiton_acerifolius",33924,100,3,360.8,205,8,90,"medium",155.8,1.32154236565908,"Brachychiton acerifolius","Deciduous","Native","Slow"
"brachychiton_acerifolius",33117,45,7,185.5,62,4,56,"low",123.5,0.405575422788237,"Brachychiton acerifolius","Deciduous","Native","Slow"
"brachychiton_acerifolius",33117,45,8,175.5,82,3,54,"low",93.5,0.285514223543548,"Brachychiton acerifolius","Deciduous","Native","Slow"
"brachychiton_acerifolius",33117,45,9,255,186,7,45,"medium",69,0.146319677840945,"Brachychiton acerifolius","Deciduous","Native","Slow"
"brachychiton_acerifolius",33924,100,7,404,122,3,98,"low",282,2.83615444943718,"Brachychiton acerifolius","Deciduous","Native","Slow"
"brachychiton_acerifolius",34182,75,2,207.9,130,8,46,"medium",77.9,0.172616274428063,"Brachychiton acerifolius","Deciduous","Native","Slow"
"brachychiton_acerifolius",34182,75,3,251.1,155,9,30,"medium",96.1,0.0905721162029937,"Brachychiton acerifolius","Deciduous","Native","Slow"
"brachychiton_acerifolius",34182,75,4,217,151,11,36,"high",66,0.0895730897391522,"Brachychiton acerifolius","Deciduous","Native","Slow"
"brachychiton_acerifolius",34182,75,5,246.4,158,10,32,"medium",88.4,0.094793997850398,"Brachychiton acerifolius","Deciduous","Native","Slow"
"brachychiton_acerifolius",34182,75,6,246.4,132,1,33,"low",114.4,0.130461546444154,"Brachychiton acerifolius","Deciduous","Native","Slow"
"brachychiton_acerifolius",34182,75,7,238.6,81,4,63,"low",157.6,0.655037147918209,"Brachychiton acerifolius","Deciduous","Native","Slow"
"brachychiton_acerifolius",34182,75,8,291.3,152,7,35,"medium",139.3,0.178696408130065,"Brachychiton acerifolius","Deciduous","Native","Slow"
"brachychiton_acerifolius",34182,75,9,209.1,60,3,62,"low",149.1,0.600191223371839,"Brachychiton acerifolius","Deciduous","Native","Slow"
"brachychiton_acerifolius",34182,75,10,246.6,162,5,40,"medium",84.6,0.141748660529971,"Brachychiton acerifolius","Deciduous","Native","Slow"
"brachychiton_acerifolius",33924,100,8,426.7,200,8,60,"medium",226.7,0.854638865482567,"Brachychiton acerifolius","Deciduous","Native","Slow"
"brachychiton_acerifolius",33924,100,9,425.8,196,3,45,"low",229.8,0.487308144461581,"Brachychiton acerifolius","Deciduous","Native","Slow"
"brachychiton_acerifolius",33924,100,10,391.5,148,2,60,"low",243.5,0.917973373378938,"Brachychiton acerifolius","Deciduous","Native","Slow"
"brachychiton_acerifolius",34182,75,1,238.1,120,7,39,"medium",118.1,0.1881082008412,"Brachychiton acerifolius","Deciduous","Native","Slow"
"brachychiton_acerifolius",33117,45,10,207,99,11,57,"high",108,0.367453243134477,"Brachychiton acerifolius","Deciduous","Native","Slow"
"brachychiton_acerifolius",35757,200,1,344.7,94,3,70,"low",250.7,1.28640888781644,"Brachychiton acerifolius","Deciduous","Native","Slow"
"brachychiton_acerifolius",35757,200,2,421.7,124,3,92,"low",297.7,2.63865801782975,"Brachychiton acerifolius","Deciduous","Native","Slow"
"brachychiton_acerifolius",35757,200,3,380.4,129,4,100,"low",251.4,2.63265464370825,"Brachychiton acerifolius","Deciduous","Native","Slow"
"callistemon_kingsparkspecial",26627,25,6,160,2,7,40,"medium",158,0.2647315409425,"Callistemon ‘Kings Park Special’","Evergreen","Native","Fast"
"callistemon_kingsparkspecial",26627,25,10,160,5,10,68,"medium",155,0.750547428893625,"Callistemon ‘Kings Park Special’","Evergreen","Native","Fast"
"callistemon_kingsparkspecial",26627,25,1,152,3,14,39,"high",149,0.237325333830134,"Callistemon ‘Kings Park Special’","Evergreen","Native","Fast"
"callistemon_kingsparkspecial",26627,25,2,151,9,8,31,"medium",142,0.14290267223139,"Callistemon ‘Kings Park Special’","Evergreen","Native","Fast"
"callistemon_kingsparkspecial",26627,25,3,190,6,7,74,"medium",184,1.05513949742487,"Callistemon ‘Kings Park Special’","Evergreen","Native","Fast"
"callistemon_kingsparkspecial",26627,25,4,170,8,12,86,"high",162,1.25470184036131,"Callistemon ‘Kings Park Special’","Evergreen","Native","Fast"
"callistemon_kingsparkspecial",26627,25,5,160,5,13,60,"high",155,0.584336233567702,"Callistemon ‘Kings Park Special’","Evergreen","Native","Fast"
"callistemon_kingsparkspecial",26627,25,9,159,3,8,72,"medium",156,0.846872848442893,"Callistemon ‘Kings Park Special’","Evergreen","Native","Fast"
"callistemon_kingsparkspecial",26627,25,7,168,2,9,70,"medium",166,0.851790488143313,"Callistemon ‘Kings Park Special’","Evergreen","Native","Fast"
"callistemon_kingsparkspecial",26627,25,8,180,17,6,78,"medium",163,1.03849743394126,"Callistemon ‘Kings Park Special’","Evergreen","Native","Fast"
"corymbia_maculata",35025,200,1,520.4,101,4,85,"low",419.4,3.17318136772164,"Corymbia maculata","Evergreen","Native","Fast"
"corymbia_maculata",35025,200,2,534.6,103,5,84,"medium",431.6,3.18910358760856,"Corymbia maculata","Evergreen","Native","Fast"
"corymbia_maculata",35025,200,3,498.6,65,3,110,"low",433.6,5.49418478420602,"Corymbia maculata","Evergreen","Native","Fast"
"corymbia_maculata",35025,200,4,495.6,102,5,77,"medium",393.6,2.44379717301917,"Corymbia maculata","Evergreen","Native","Fast"
"corymbia_maculata",35025,200,5,524.4,107,7,76,"medium",417.4,2.524691089454,"Corymbia maculata","Evergreen","Native","Fast"
"corymbia_maculata",35025,200,6,325.6,97,7,90,"medium",228.6,1.93905381764869,"Corymbia maculata","Evergreen","Native","Fast"
"corymbia_maculata",25686,25,3,156,19,3,41,"low",137,0.241166454447923,"Corymbia maculata","Evergreen","Native","Fast"
"corymbia_maculata",34802,1000,1,564.3,168,1,120,"low",396.3,5.97606320936465,"Corymbia maculata","Evergreen","Native","Fast"
"corymbia_maculata",34802,1000,2,740,166,4,120,"low",574,8.6557160791706,"Corymbia maculata","Evergreen","Native","Fast"
"corymbia_maculata",34802,1000,3,610,220,3,110,"low",390,4.94172524409674,"Corymbia maculata","Evergreen","Native","Fast"
"corymbia_maculata",34802,1000,4,740,180,4,115,"low",560,7.755545064162,"Corymbia maculata","Evergreen","Native","Fast"
"corymbia_maculata",34802,1000,5,731,205,4,130,"low",526,9.30895791160704,"Corymbia maculata","Evergreen","Native","Fast"
"corymbia_maculata",34802,1000,6,655,244,3,170,"low",411,12.4385077933581,"Corymbia maculata","Evergreen","Native","Fast"
"corymbia_maculata",34802,1000,7,663,192,2,110,"low",471,5.96808356402453,"Corymbia maculata","Evergreen","Native","Fast"
"corymbia_maculata",34802,1000,8,692,207,3,120,"low",485,7.31362769755704,"Corymbia maculata","Evergreen","Native","Fast"
"corymbia_maculata",34802,1000,9,623,221,1,130,"low",402,7.11445072331945,"Corymbia maculata","Evergreen","Native","Fast"
"corymbia_maculata",34802,1000,10,734,196,3,150,"low",538,12.6763263572348,"Corymbia maculata","Evergreen","Native","Fast"
"corymbia_maculata",25686,25,1,164,21,10,56,"medium",143,0.469613647439012,"Corymbia maculata","Evergreen","Native","Fast"
"corymbia_maculata",25686,25,2,106,17,4,42,"low",89,0.164405826747661,"Corymbia maculata","Evergreen","Native","Fast"
"corymbia_maculata",25686,25,7,116,13,3,27,"low",103,0.0786309225266989,"Corymbia maculata","Evergreen","Native","Fast"
"corymbia_maculata",25686,25,4,145,13,8,42,"medium",132,0.243837855401025,"Corymbia maculata","Evergreen","Native","Fast"
"corymbia_maculata",25686,25,5,90,12,9,45,"medium",78,0.165404853211503,"Corymbia maculata","Evergreen","Native","Fast"
"corymbia_maculata",25686,25,6,67,11,11,28,"high",56,0.0459761612877354,"Corymbia maculata","Evergreen","Native","Fast"
"corymbia_maculata",33071,400,6,544.5,135,3,120,"low",409.5,6.1751145198961,"Corymbia maculata","Evergreen","Native","Fast"
"corymbia_maculata",25686,25,8,137,12,8,41,"medium",125,0.220042385445185,"Corymbia maculata","Evergreen","Native","Fast"
"corymbia_maculata",25686,25,9,142,14,9,36,"medium",128,0.173717507372901,"Corymbia maculata","Evergreen","Native","Fast"
"corymbia_maculata",25686,25,10,152,12,10,62,"medium",140,0.563559834151961,"Corymbia maculata","Evergreen","Native","Fast"
"corymbia_maculata",35753,45,2,195,26,6,41,"medium",169,0.29749730512189,"Corymbia maculata","Evergreen","Native","Fast"
"corymbia_maculata",33071,400,7,523.5,156,1,125,"low",367.5,6.01320468851171,"Corymbia maculata","Evergreen","Native","Fast"
"corymbia_maculata",33071,400,8,505.6,171,7,108,"medium",334.6,4.08697579455277,"Corymbia maculata","Evergreen","Native","Fast"
"corymbia_maculata",33071,400,9,458.3,113,5,110,"medium",345.3,4.37532750458104,"Corymbia maculata","Evergreen","Native","Fast"
"corymbia_maculata",33071,400,3,455.6,122,7,95,"medium",333.6,3.15283955528964,"Corymbia maculata","Evergreen","Native","Fast"
"corymbia_maculata",35753,45,3,183,19,6,48,"medium",164,0.395689877904942,"Corymbia maculata","Evergreen","Native","Fast"
"corymbia_maculata",33071,400,1,478.4,133,3,130,"low",345.4,6.11276437769785,"Corymbia maculata","Evergreen","Native","Fast"
"corymbia_maculata",35753,45,1,159,21,4,42,"low",138,0.25492139428289,"Corymbia maculata","Evergreen","Native","Fast"
"corymbia_maculata",35753,45,10,180,12,7,35,"medium",168,0.21551325603626,"Corymbia maculata","Evergreen","Native","Fast"
"corymbia_maculata",33071,400,4,486.4,168,4,100,"low",318.4,3.33427700300997,"Corymbia maculata","Evergreen","Native","Fast"
"corymbia_maculata",33071,400,5,479.4,117,5,111,"medium",362.4,4.67587362065348,"Corymbia maculata","Evergreen","Native","Fast"
"corymbia_maculata",33071,400,2,458,136,5,100,"medium",322,3.37197611485304,"Corymbia maculata","Evergreen","Native","Fast"
"corymbia_maculata",35753,45,7,244,28,5,42,"medium",216,0.399007399747132,"Corymbia maculata","Evergreen","Native","Fast"
"corymbia_maculata",35753,45,4,134,19,8,47,"medium",115,0.266024829918228,"Corymbia maculata","Evergreen","Native","Fast"
"corymbia_maculata",35753,45,5,176,19,8,48,"medium",157,0.378800675799243,"Corymbia maculata","Evergreen","Native","Fast"
"corymbia_maculata",35753,45,9,201,24,7,50,"medium",177,0.463384916404494,"Corymbia maculata","Evergreen","Native","Fast"
"corymbia_maculata",35753,45,8,194,20,6,46,"medium",174,0.385561383189768,"Corymbia maculata","Evergreen","Native","Fast"
"corymbia_maculata",35753,45,6,174.1,22,9,38,"medium",152.1,0.229998511443432,"Corymbia maculata","Evergreen","Native","Fast"
"eucalyptus_pilularis",35776,100,5,470.4,83,5,70,"medium",387.4,1.98785322353445,"Eucalyptus pilularis","Evergreen","Native","Fast"
"eucalyptus_pilularis",35776,100,6,441.5,90,4,60,"low",351.5,1.32512378128417,"Eucalyptus pilularis","Evergreen","Native","Fast"
"eucalyptus_pilularis",35690,25,10,114,14,10,50,"medium",100,0.261799387799149,"Eucalyptus pilularis","Evergreen","Native","Fast"
"eucalyptus_pilularis",35776,100,4,462.1,120,4,60,"low",342.1,1.28968661615168,"Eucalyptus pilularis","Evergreen","Native","Fast"
"eucalyptus_pilularis",35776,100,9,475.6,107,6,60,"medium",368.6,1.38958926253584,"Eucalyptus pilularis","Evergreen","Native","Fast"
"eucalyptus_pilularis",35776,100,8,493.4,106,7,65,"medium",387.4,1.7140162998843,"Eucalyptus pilularis","Evergreen","Native","Fast"
"eucalyptus_pilularis",740,45,7,246,58,8,70,"medium",188,0.964678384162306,"Eucalyptus pilularis","Evergreen","Native","Fast"
"eucalyptus_pilularis",740,45,4,292,28,8,53,"medium",264,0.776576571226168,"Eucalyptus pilularis","Evergreen","Native","Fast"
"eucalyptus_pilularis",35776,100,10,515.7,94,6,55,"medium",421.7,1.33584970220231,"Eucalyptus pilularis","Evergreen","Native","Fast"
"eucalyptus_pilularis",35776,100,7,441.5,96,7,70,"medium",345.5,1.77285309429828,"Eucalyptus pilularis","Evergreen","Native","Fast"
"eucalyptus_pilularis",35776,100,3,453.4,114,6,80,"medium",339.4,2.2746806328072,"Eucalyptus pilularis","Evergreen","Native","Fast"
"eucalyptus_pilularis",35690,25,7,107,4,11,44,"high",103,0.208819569289011,"Eucalyptus pilularis","Evergreen","Native","Fast"
"eucalyptus_pilularis",740,45,5,275,38,8,52,"medium",237,0.671094456289237,"Eucalyptus pilularis","Evergreen","Native","Fast"
"eucalyptus_pilularis",35690,25,9,120,4,10,48,"medium",116,0.279878206323007,"Eucalyptus pilularis","Evergreen","Native","Fast"
"eucalyptus_pilularis",740,45,6,290.8,37,7,60,"medium",253.8,0.956803458577308,"Eucalyptus pilularis","Evergreen","Native","Fast"
"eucalyptus_pilularis",35776,100,2,524,101,8,90,"medium",423,3.5880129696649,"Eucalyptus pilularis","Evergreen","Native","Fast"
"eucalyptus_pilularis",740,45,9,300.8,47,9,52,"medium",253.8,0.718665708886955,"Eucalyptus pilularis","Evergreen","Native","Fast"
"eucalyptus_pilularis",35690,25,5,107,4,10,49,"medium",103,0.258975096003572,"Eucalyptus pilularis","Evergreen","Native","Fast"
"eucalyptus_pilularis",35776,100,1,415.2,102,5,70,"medium",313.2,1.60711313787039,"Eucalyptus pilularis","Evergreen","Native","Fast"
"eucalyptus_pilularis",35690,25,2,82,6,16,48,"high",76,0.183368480004729,"Eucalyptus pilularis","Evergreen","Native","Fast"
"eucalyptus_pilularis",35690,25,4,95,8,10,49,"medium",87,0.218745954876804,"Eucalyptus pilularis","Evergreen","Native","Fast"
"eucalyptus_pilularis",740,45,8,311.6,63,6,50,"medium",248.6,0.650833278068686,"Eucalyptus pilularis","Evergreen","Native","Fast"
"eucalyptus_pilularis",35690,25,6,104,6,12,43,"high",98,0.189754290671926,"Eucalyptus pilularis","Evergreen","Native","Fast"
"eucalyptus_pilularis",740,45,3,281.5,32,10,62,"medium",249.5,1.00434413300653,"Eucalyptus pilularis","Evergreen","Native","Fast"
"eucalyptus_pilularis",35690,25,3,95,10,11,50,"high",85,0.222529479629277,"Eucalyptus pilularis","Evergreen","Native","Fast"
"eucalyptus_pilularis",35690,25,1,112,17,9,60,"medium",95,0.358141562509236,"Eucalyptus pilularis","Evergreen","Native","Fast"
"eucalyptus_pilularis",740,45,2,277,45,8,48,"medium",232,0.559756412646015,"Eucalyptus pilularis","Evergreen","Native","Fast"
"eucalyptus_pilularis",34937,300,2,385,94,6,100,"medium",291,3.0473448739821,"Eucalyptus pilularis","Evergreen","Native","Fast"
"eucalyptus_pilularis",740,45,1,204.5,32,10,50,"medium",172.5,0.451603943953533,"Eucalyptus pilularis","Evergreen","Native","Fast"
"eucalyptus_pilularis",35690,25,8,105,4,12,44,"high",101,0.204764820370778,"Eucalyptus pilularis","Evergreen","Native","Fast"
"eucalyptus_pilularis",34937,300,4,391.1,98,8,80,"medium",293.1,1.96437505443663,"Eucalyptus pilularis","Evergreen","Native","Fast"
"eucalyptus_pilularis",34937,300,3,335,95,7,90,"medium",240,2.03575203952619,"Eucalyptus pilularis","Evergreen","Native","Fast"
"eucalyptus_pilularis",34937,300,1,361.4,100,7,98,"medium",261.4,2.62897437263432,"Eucalyptus pilularis","Evergreen","Native","Fast"
"eucalyptus_saligna",739,45,6,321.7,59,8,74,"medium",262.7,1.50644101072562,"Eucalyptus saligna","Evergreen","Native","Fast"
"eucalyptus_saligna",33467,400,2,640,73,4,105,"low",567,6.54621515210139,"Eucalyptus saligna","Evergreen","Native","Fast"
"eucalyptus_saligna",739,45,5,341.7,60,8,59,"medium",281.7,1.02687951014902,"Eucalyptus saligna","Evergreen","Native","Fast"
"eucalyptus_saligna",35027,1000,7,545.7,174,5,175,"medium",371.7,11.9205769745056,"Eucalyptus saligna","Evergreen","Native","Fast"
"eucalyptus_saligna",26750,300,8,500.6,119,3,110,"low",381.6,4.83528808499312,"Eucalyptus saligna","Evergreen","Native","Fast"
"eucalyptus_saligna",739,45,7,321,115,6,92,"medium",206,1.82587689510557,"Eucalyptus saligna","Evergreen","Native","Fast"
"eucalyptus_saligna",34796,100,1,413.1,80,4,95,"low",333.1,3.14811407633987,"Eucalyptus saligna","Evergreen","Native","Fast"
"eucalyptus_saligna",26750,300,2,522.4,96,5,183,"medium",426.4,14.9536769249185,"Eucalyptus saligna","Evergreen","Native","Fast"
"eucalyptus_saligna",35027,1000,8,522.4,185,4,170,"low",337.4,10.2110767140609,"Eucalyptus saligna","Evergreen","Native","Fast"
"eucalyptus_saligna",739,45,1,309.7,93,5,60,"medium",216.7,0.81693975363949,"Eucalyptus saligna","Evergreen","Native","Fast"
"eucalyptus_saligna",36172,25,2,116,10,10,46,"medium",106,0.234882221943192,"Eucalyptus saligna","Evergreen","Native","Fast"
"eucalyptus_saligna",739,45,4,317,52,7,42,"medium",265,0.489522967282361,"Eucalyptus saligna","Evergreen","Native","Fast"
"eucalyptus_saligna",26750,300,6,438.9,84,4,149,"low",354.9,8.25101077282765,"Eucalyptus saligna","Evergreen","Native","Fast"
"eucalyptus_saligna",33467,400,3,507,70,4,102,"low",437,4.76113393199779,"Eucalyptus saligna","Evergreen","Native","Fast"
"eucalyptus_saligna",33467,400,4,621.5,71,4,140,"low",550.5,11.299052137901,"Eucalyptus saligna","Evergreen","Native","Fast"
"eucalyptus_saligna",36172,25,1,104,10,10,47,"medium",94,0.217446382715769,"Eucalyptus saligna","Evergreen","Native","Fast"
"eucalyptus_saligna",34179,800,8,587.2,180,5,200,"medium",407.2,17.0567537138902,"Eucalyptus saligna","Evergreen","Native","Fast"
"eucalyptus_saligna",35027,1000,6,582.6,187,2,190,"low",395.6,14.9551957802468,"Eucalyptus saligna","Evergreen","Native","Fast"
"eucalyptus_saligna",35027,1000,9,577,180,1,186,"low",397,14.3828520530354,"Eucalyptus saligna","Evergreen","Native","Fast"
"eucalyptus_saligna",35027,1000,10,583.4,177,5,183,"medium",406.4,14.2522849490781,"Eucalyptus saligna","Evergreen","Native","Fast"
"eucalyptus_saligna",26750,300,1,471.5,109,6,144,"medium",362.5,7.87157455283459,"Eucalyptus saligna","Evergreen","Native","Fast"
"eucalyptus_saligna",26750,300,3,499,110,3,135,"low",389,7.42413321914706,"Eucalyptus saligna","Evergreen","Native","Fast"
"eucalyptus_saligna",26750,300,4,563.2,102,8,110,"medium",461.2,5.84390687840364,"Eucalyptus saligna","Evergreen","Native","Fast"
"eucalyptus_saligna",739,45,3,333.3,50,8,56,"medium",283.3,0.930360463772532,"Eucalyptus saligna","Evergreen","Native","Fast"
"eucalyptus_saligna",33467,400,1,533,76,6,85,"medium",457,3.45766305447971,"Eucalyptus saligna","Evergreen","Native","Fast"
"eucalyptus_saligna",36172,25,10,120,5,5,54,"medium",115,0.351167226818267,"Eucalyptus saligna","Evergreen","Native","Fast"
"eucalyptus_saligna",26750,300,7,472.9,94,3,123,"low",378.9,6.00293230885301,"Eucalyptus saligna","Evergreen","Native","Fast"
"eucalyptus_saligna",35027,1000,2,534,197,5,130,"medium",337,5.96410421332998,"Eucalyptus saligna","Evergreen","Native","Fast"
"eucalyptus_saligna",35027,1000,3,595.5,176,4,143,"low",419.5,8.98323287289387,"Eucalyptus saligna","Evergreen","Native","Fast"
"eucalyptus_saligna",35027,1000,4,559.7,170,6,170,"medium",389.7,11.793884396768,"Eucalyptus saligna","Evergreen","Native","Fast"
"eucalyptus_saligna",35027,1000,5,579,200,2,144,"low",379,8.22986691179119,"Eucalyptus saligna","Evergreen","Native","Fast"
"eucalyptus_saligna",34179,800,7,571.1,170,4,180,"low",401.1,13.6090023842326,"Eucalyptus saligna","Evergreen","Native","Fast"
"eucalyptus_saligna",739,45,8,311.9,65,7,108,"medium",246.9,3.01576307135409,"Eucalyptus saligna","Evergreen","Native","Fast"
"eucalyptus_saligna",34796,100,2,404.4,75,5,105,"medium",329.4,3.80303927883986,"Eucalyptus saligna","Evergreen","Native","Fast"
"eucalyptus_saligna",36172,25,6,130,2,11,52,"high",128,0.362447638839757,"Eucalyptus saligna","Evergreen","Native","Fast"
"eucalyptus_saligna",36172,25,7,136,13,11,49,"high",123,0.309261522412033,"Eucalyptus saligna","Evergreen","Native","Fast"
"eucalyptus_saligna",739,45,2,607.4,70,8,62,"medium",537.4,2.16326467766617,"Eucalyptus saligna","Evergreen","Native","Fast"
"eucalyptus_saligna",36172,25,9,120,9,8,35,"medium",111,0.142392687023957,"Eucalyptus saligna","Evergreen","Native","Fast"
"eucalyptus_saligna",35027,1000,1,540.8,185,3,153,"low",355.8,8.72202693194698,"Eucalyptus saligna","Evergreen","Native","Fast"
"eucalyptus_saligna",26750,300,5,472.4,90,4,138,"low",382.4,7.62613825509141,"Eucalyptus saligna","Evergreen","Native","Fast"
"eucalyptus_saligna",34796,100,6,345.7,75,4,100,"low",270.7,2.83476377108919,"Eucalyptus saligna","Evergreen","Native","Fast"
"eucalyptus_saligna",34179,800,4,557,200,2,155,"low",357,8.98173485679688,"Eucalyptus saligna","Evergreen","Native","Fast"
"eucalyptus_saligna",34179,800,5,604,225,4,200,"low",379,15.8755148761404,"Eucalyptus saligna","Evergreen","Native","Fast"
"eucalyptus_saligna",34179,800,6,633.5,250,4,200,"low",383.5,16.0640104353558,"Eucalyptus saligna","Evergreen","Native","Fast"
"eucalyptus_saligna",34796,100,9,446.3,78,6,95,"medium",368.3,3.48078779440401,"Eucalyptus saligna","Evergreen","Native","Fast"
"eucalyptus_saligna",36172,25,3,110,9,7,42,"medium",101,0.186572904511391,"Eucalyptus saligna","Evergreen","Native","Fast"
"eucalyptus_saligna",36172,25,4,95,4,8,44,"medium",91,0.184491075779612,"Eucalyptus saligna","Evergreen","Native","Fast"
"eucalyptus_saligna",36172,25,5,120,8,12,48,"high",112,0.27022723369118,"Eucalyptus saligna","Evergreen","Native","Fast"
"eucalyptus_saligna",34796,100,3,480.4,87,5,85,"medium",393.4,2.97646530772936,"Eucalyptus saligna","Evergreen","Native","Fast"
"eucalyptus_saligna",36172,25,8,130,3,7,45,"medium",127,0.269313030228985,"Eucalyptus saligna","Evergreen","Native","Fast"
"eucalyptus_saligna",34179,800,1,610,214,2,170,"low",396,11.9845476549143,"Eucalyptus saligna","Evergreen","Native","Fast"
"eucalyptus_saligna",34179,800,2,499.7,182,4,154,"low",317.7,7.89018660435151,"Eucalyptus saligna","Evergreen","Native","Fast"
"eucalyptus_saligna",34179,800,3,558.6,174,2,136,"low",384.6,7.44930428780615,"Eucalyptus saligna","Evergreen","Native","Fast"
"eucalyptus_saligna",34796,100,5,448.9,70,3,110,"low",378.9,4.80107614099553,"Eucalyptus saligna","Evergreen","Native","Fast"
"eucalyptus_saligna",34796,100,10,488.1,85,5,90,"medium",403.1,3.41921519638752,"Eucalyptus saligna","Evergreen","Native","Fast"
"eucalyptus_saligna",34796,100,7,423.4,80,4,110,"low",343.4,4.35125243287903,"Eucalyptus saligna","Evergreen","Native","Fast"
"eucalyptus_saligna",34796,100,8,498.4,84,5,80,"medium",414.4,2.77733545738157,"Eucalyptus saligna","Evergreen","Native","Fast"
"eucalyptus_saligna",739,45,9,280.4,67,5,86,"medium",213.4,1.65279859711792,"Eucalyptus saligna","Evergreen","Native","Fast"
"eucalyptus_saligna",739,45,10,303.4,45,7,105,"medium",258.4,2.98331921570194,"Eucalyptus saligna","Evergreen","Native","Fast"
"eucalyptus_saligna",34796,100,4,415.7,80,5,90,"medium",335.7,2.84750816528725,"Eucalyptus saligna","Evergreen","Native","Fast"
"eucalyptus_sideroxylon",26453,25,1,215,12,18,58,"high",203,0.715122830131747,"Eucalyptus sideroxlyon","Evergreen","Native","Moderate"
"eucalyptus_sideroxylon",26456,25,4,200,13,17,58,"high",187,0.658758469136141,"Eucalyptus sideroxlyon","Evergreen","Native","Moderate"
"eucalyptus_sideroxylon",26454,25,2,220,20,8,88,"medium",200,1.62189956729329,"Eucalyptus sideroxlyon","Evergreen","Native","Moderate"
"eucalyptus_sideroxylon",26455,25,3,210,16,18,86,"high",194,1.50254417919811,"Eucalyptus sideroxlyon","Evergreen","Native","Moderate"
"eucalyptus_sideroxylon",26459,25,7,200,10,9,74,"medium",190,1.08954622016699,"Eucalyptus sideroxlyon","Evergreen","Native","Moderate"
"eucalyptus_sideroxylon",26457,25,5,220,17,14,72,"high",203,1.10202043739684,"Eucalyptus sideroxlyon","Evergreen","Native","Moderate"
"eucalyptus_sideroxylon",26458,25,6,175,20,13,51,"high",155,0.422182928752664,"Eucalyptus sideroxlyon","Evergreen","Native","Moderate"
"eucalyptus_sideroxylon",26462,25,10,166,13,18,62,"high",153,0.615890390180357,"Eucalyptus sideroxlyon","Evergreen","Native","Moderate"
"eucalyptus_sideroxylon",26460,25,8,215,10,9,75,"medium",205,1.20754967622358,"Eucalyptus sideroxlyon","Evergreen","Native","Moderate"
"eucalyptus_sideroxylon",26461,25,9,220,23,14,66,"high",197,0.898633729003439,"Eucalyptus sideroxlyon","Evergreen","Native","Moderate"
"fraxinus_griffithii",36029,25,3,116,55,8,31,"medium",61,0.0613877676486958,"Fraxinus griffithii","Evergreen","Non","Fast"
"fraxinus_griffithii",36029,25,7,117,38,5,35,"medium",79,0.101342543017051,"Fraxinus griffithii","Evergreen","Non","Fast"
"fraxinus_griffithii",36029,25,4,120,38,5,41,"medium",82,0.144347804852041,"Fraxinus griffithii","Evergreen","Non","Fast"
"fraxinus_griffithii",36029,25,9,118,45,3,49,"low",73,0.183545456390881,"Fraxinus griffithii","Evergreen","Non","Fast"
"fraxinus_griffithii",36029,25,10,105,34,6,32,"medium",71,0.0761354507621975,"Fraxinus griffithii","Evergreen","Non","Fast"
"fraxinus_griffithii",34041,100,7,261.5,68,5,80,"medium",193.5,1.29684944740187,"Fraxinus griffithii","Evergreen","Non","Fast"
"fraxinus_griffithii",960,45,1,278,53,6,76,"medium",225,1.3609379375351,"Fraxinus griffithii","Evergreen","Non","Fast"
"fraxinus_griffithii",960,45,2,239.4,77,5,78,"medium",162.4,1.03467474400037,"Fraxinus griffithii","Evergreen","Non","Fast"
"fraxinus_griffithii",36029,25,5,110,57,5,34,"medium",53,0.0641596995667131,"Fraxinus griffithii","Evergreen","Non","Fast"
"fraxinus_griffithii",36029,25,6,110,50,6,24,"medium",60,0.0361911473693544,"Fraxinus griffithii","Evergreen","Non","Fast"
"fraxinus_griffithii",34041,100,3,250.6,80,5,70,"medium",170.6,0.875394320947284,"Fraxinus griffithii","Evergreen","Non","Fast"
"fraxinus_griffithii",36029,25,8,140,43,6,48,"medium",97,0.234036086321825,"Fraxinus griffithii","Evergreen","Non","Fast"
"fraxinus_griffithii",960,45,5,174.6,65,4,58,"low",109.6,0.386095872819899,"Fraxinus griffithii","Evergreen","Non","Fast"
"fraxinus_griffithii",34041,100,5,287.1,77,6,65,"medium",210.1,0.929568468264562,"Fraxinus griffithii","Evergreen","Non","Fast"
"fraxinus_griffithii",34041,100,6,239,65,6,77,"medium",174,1.08033716490177,"Fraxinus griffithii","Evergreen","Non","Fast"
"fraxinus_griffithii",34041,100,8,261.4,80,6,84,"medium",181.4,1.34036930211352,"Fraxinus griffithii","Evergreen","Non","Fast"
"fraxinus_griffithii",34041,100,9,249.2,75,5,67,"medium",174.2,0.81889152043541,"Fraxinus griffithii","Evergreen","Non","Fast"
"fraxinus_griffithii",34041,100,10,266,84,4,85,"low",182,1.37701241994597,"Fraxinus griffithii","Evergreen","Non","Fast"
"fraxinus_griffithii",36029,25,1,110,38,8,36,"medium",72,0.0977160978972569,"Fraxinus griffithii","Evergreen","Non","Fast"
"fraxinus_griffithii",36029,25,2,120,53,5,48,"medium",67,0.161653791583116,"Fraxinus griffithii","Evergreen","Non","Fast"
"fraxinus_griffithii",34041,100,2,291.8,78,3,80,"low",213.8,1.43290135325333,"Fraxinus griffithii","Evergreen","Non","Fast"
"fraxinus_griffithii",960,45,3,211.4,64,5,73,"medium",147.4,0.822568021598151,"Fraxinus griffithii","Evergreen","Non","Fast"
"fraxinus_griffithii",960,45,4,203.2,81,6,62,"medium",122.2,0.491907226666926,"Fraxinus griffithii","Evergreen","Non","Fast"
"fraxinus_griffithii",34041,100,1,259.9,80,4,70,"low",179.9,0.923115113355313,"Fraxinus griffithii","Evergreen","Non","Fast"
"fraxinus_griffithii",34041,100,4,264.8,70,6,80,"medium",194.8,1.30556213102782,"Fraxinus griffithii","Evergreen","Non","Fast"
"jacaranda_mimosifolia",33923,100,4,334.7,84,3,45,"low",250.7,0.531628162822099,"Jacaranda mimosifolia ","Deciduous","Non Native","Fast"
"jacaranda_mimosifolia",26612,25,4,194,60,2,42,"low",134,0.247532368361647,"Jacaranda mimosifolia ","Deciduous","Non Native","Fast"
"jacaranda_mimosifolia",33923,100,2,307.6,150,6,40,"medium",157.6,0.264061334509734,"Jacaranda mimosifolia ","Deciduous","Non Native","Fast"
"jacaranda_mimosifolia",33923,100,3,351.8,140,1,30,"low",211.8,0.199616797209095,"Jacaranda mimosifolia ","Deciduous","Non Native","Fast"
"jacaranda_mimosifolia",26612,25,5,192,80,3,90,"low",112,0.950017618445553,"Jacaranda mimosifolia ","Deciduous","Non Native","Fast"
"jacaranda_mimosifolia",33923,100,5,327.1,114,5,60,"medium",213.1,0.803368073375982,"Jacaranda mimosifolia ","Deciduous","Non Native","Fast"
"jacaranda_mimosifolia",26612,25,1,183,76,3,45,"low",107,0.226901529405523,"Jacaranda mimosifolia ","Deciduous","Non Native","Fast"
"jacaranda_mimosifolia",33923,100,1,299.1,139,6,80,"medium",160.1,1.07300049885808,"Jacaranda mimosifolia ","Deciduous","Non Native","Fast"
"jacaranda_mimosifolia",33923,100,6,311.4,100,5,70,"medium",211.4,1.08475005538251,"Jacaranda mimosifolia ","Deciduous","Non Native","Fast"
"jacaranda_mimosifolia",33923,100,7,355.7,120,3,90,"low",235.7,1.99927814881801,"Jacaranda mimosifolia ","Deciduous","Non Native","Fast"
"jacaranda_mimosifolia",33923,100,10,341.8,95,5,70,"medium",246.8,1.26639694261307,"Jacaranda mimosifolia ","Deciduous","Non Native","Fast"
"jacaranda_mimosifolia",26612,25,2,150,70,3,34,"low",80,0.0968448295346614,"Jacaranda mimosifolia ","Deciduous","Non Native","Fast"
"jacaranda_mimosifolia",26612,25,3,158,73,4,29,"low",85,0.0748589169472888,"Jacaranda mimosifolia ","Deciduous","Non Native","Fast"
"jacaranda_mimosifolia",33923,100,8,287.6,118,3,30,"low",169.6,0.159844234214649,"Jacaranda mimosifolia ","Deciduous","Non Native","Fast"
"jacaranda_mimosifolia",33923,100,9,299.6,80,4,55,"low",219.6,0.695642861284388,"Jacaranda mimosifolia ","Deciduous","Non Native","Fast"
"lophostemon_confertus",32885,300,4,488,132,3,115,"low",356,4.9303107907887,"Lophostemon confertus","Evergreen","Native","Fast"
"lophostemon_confertus",1146,25,4,202,24,10,57,"medium",178,0.605617382203119,"Lophostemon confertus","Evergreen","Native","Fast"
"lophostemon_confertus",35552,800,2,636,126,3,110,"low",510,6.46225608843421,"Lophostemon confertus","Evergreen","Native","Fast"
"lophostemon_confertus",35552,800,3,574.3,152,3,115,"low",422.3,5.84851192963502,"Lophostemon confertus","Evergreen","Native","Fast"
"lophostemon_confertus",1146,25,3,130,8,6,62,"medium",122,0.491102141189566,"Lophostemon confertus","Evergreen","Native","Fast"
"lophostemon_confertus",35552,800,1,533.6,120,3,130,"low",413.6,7.31974333125603,"Lophostemon confertus","Evergreen","Native","Fast"
"lophostemon_confertus",33465,100,10,439,40,6,80,"medium",399,2.67412366673563,"Lophostemon confertus","Evergreen","Native","Fast"
"lophostemon_confertus",32885,300,7,444.4,78,5,125,"medium",366.4,5.99520598060052,"Lophostemon confertus","Evergreen","Native","Fast"
"lophostemon_confertus",32885,300,1,426.3,77,4,95,"low",349.3,3.30121959431257,"Lophostemon confertus","Evergreen","Native","Fast"
"lophostemon_confertus",32885,300,5,483.5,94,5,113,"medium",389.5,5.20826372441383,"Lophostemon confertus","Evergreen","Native","Fast"
"lophostemon_confertus",32885,300,6,457.2,94,5,125,"medium",363.2,5.94284610304069,"Lophostemon confertus","Evergreen","Native","Fast"
"lophostemon_confertus",33465,100,9,439,37,5,95,"medium",402,3.79928507561882,"Lophostemon confertus","Evergreen","Native","Fast"
"lophostemon_confertus",32885,300,8,401.2,53,3,116,"low",348.2,4.90651762466747,"Lophostemon confertus","Evergreen","Native","Fast"
"lophostemon_confertus",35552,800,9,567.9,113,2,110,"low",454.9,5.76407900907592,"Lophostemon confertus","Evergreen","Native","Fast"
"lophostemon_confertus",1146,25,2,193,34,3,82,"low",159,1.1195756571451,"Lophostemon confertus","Evergreen","Native","Fast"
"lophostemon_confertus",35552,800,5,536.4,188,5,120,"medium",348.4,5.25374822645128,"Lophostemon confertus","Evergreen","Native","Fast"
"lophostemon_confertus",35552,800,6,558.5,168,6,130,"medium",390.5,6.91092787924439,"Lophostemon confertus","Evergreen","Native","Fast"
"lophostemon_confertus",35552,800,7,558.5,147,2,120,"low",411.5,6.20527380937056,"Lophostemon confertus","Evergreen","Native","Fast"
"lophostemon_confertus",35552,800,4,574,184,1,120,"low",390,5.88106144752009,"Lophostemon confertus","Evergreen","Native","Fast"
"lophostemon_confertus",35552,800,10,558.9,122,2,110,"low",436.9,5.5359993824253,"Lophostemon confertus","Evergreen","Native","Fast"
"lophostemon_confertus",33465,100,4,383.5,44,6,70,"medium",339.5,1.7420654862931,"Lophostemon confertus","Evergreen","Native","Fast"
"lophostemon_confertus",33465,100,5,419.5,40,8,80,"medium",379.5,2.5434334123463,"Lophostemon confertus","Evergreen","Native","Fast"
"lophostemon_confertus",35552,800,8,488,154,4,130,"low",334,5.91101129748432,"Lophostemon confertus","Evergreen","Native","Fast"
"lophostemon_confertus",1146,25,1,189,9,5,48,"medium",180,0.434293768432253,"Lophostemon confertus","Evergreen","Native","Fast"
"lophostemon_confertus",33465,100,8,437.2,38,4,110,"low",399.2,5.05829927549595,"Lophostemon confertus","Evergreen","Native","Fast"
"lophostemon_confertus",33465,100,1,375.2,40,6,75,"medium",335.2,1.97449098278119,"Lophostemon confertus","Evergreen","Native","Fast"
"lophostemon_confertus",33465,100,6,371.1,48,5,60,"medium",323.1,1.21805830364983,"Lophostemon confertus","Evergreen","Native","Fast"
"lophostemon_confertus",32885,300,2,441.8,69,4,106,"low",372.8,4.38648099625933,"Lophostemon confertus","Evergreen","Native","Fast"
"lophostemon_confertus",32885,300,3,439.8,84,6,98,"medium",355.8,3.57838210322606,"Lophostemon confertus","Evergreen","Native","Fast"
"lophostemon_confertus",33465,100,2,380.1,40,6,50,"medium",340.1,0.890379717904907,"Lophostemon confertus","Evergreen","Native","Fast"
"lophostemon_confertus",33465,100,3,367.1,40,4,100,"low",327.1,3.42538318996407,"Lophostemon confertus","Evergreen","Native","Fast"
"lophostemon_confertus",33465,100,7,365.6,49,5,60,"medium",316.6,1.19355388095183,"Lophostemon confertus","Evergreen","Native","Fast"
"magnolia_grandiflora_exmouth",2061,45,4,160,64,4,50,"low",96,0.251327412287183,"Magnolia grandiflora ‘Exmouth’","Evergreen","Non Native","Moderate"
"magnolia_grandiflora_exmouth",2061,45,6,165,47,1,50,"low",118,0.308923277602996,"Magnolia grandiflora ‘Exmouth’","Evergreen","Non Native","Moderate"
"magnolia_grandiflora_exmouth",2061,45,3,170,60,5,90,"medium",110,0.933053018116168,"Magnolia grandiflora ‘Exmouth’","Evergreen","Non Native","Moderate"
"magnolia_grandiflora_exmouth",2141,400,2,391,90,7,129,"medium",301,5.24535074928824,"Magnolia grandiflora ‘Exmouth’","Evergreen","Non Native","Moderate"
"magnolia_grandiflora_exmouth",2141,400,3,407,90,6,102,"medium",317,3.45372873327986,"Magnolia grandiflora ‘Exmouth’","Evergreen","Non Native","Moderate"
"magnolia_grandiflora_exmouth",2061,45,7,180,73,1,68,"low",107,0.518119838010438,"Magnolia grandiflora ‘Exmouth’","Evergreen","Non Native","Moderate"
"magnolia_grandiflora_exmouth",2061,45,2,180,90,7,80,"medium",90,0.60318578948924,"Magnolia grandiflora ‘Exmouth’","Evergreen","Non Native","Moderate"
"magnolia_grandiflora_exmouth",2061,45,8,160,60,4,94,"low",100,0.925303756237314,"Magnolia grandiflora ‘Exmouth’","Evergreen","Non Native","Moderate"
"magnolia_grandiflora_exmouth",2141,400,1,354.4,77,5,110,"medium",277.4,3.51496046849343,"Magnolia grandiflora ‘Exmouth’","Evergreen","Non Native","Moderate"
"magnolia_grandiflora_exmouth",2061,45,10,179,69,5,67,"medium",110,0.517095678805368,"Magnolia grandiflora ‘Exmouth’","Evergreen","Non Native","Moderate"
"magnolia_grandiflora_exmouth",2061,45,1,180,67,4,91,"low",113,0.97991825012487,"Magnolia grandiflora ‘Exmouth’","Evergreen","Non Native","Moderate"
"magnolia_grandiflora_exmouth",2061,45,9,167,62,4,60,"low",105,0.395840674352314,"Magnolia grandiflora ‘Exmouth’","Evergreen","Non Native","Moderate"
"magnolia_grandiflora_exmouth",2061,45,5,190,65,3,50,"low",125,0.327249234748937,"Magnolia grandiflora ‘Exmouth’","Evergreen","Non Native","Moderate"
"magnolia_grandiflora_littlegem",33572,200,2,261.1,34,6,51,"medium",227.1,0.61856608464342,"Magnolia grandiflora ‘Little Gem’","Evergreen","Non Native","Slow"
"magnolia_grandiflora_littlegem",33572,200,6,267.6,37,8,47,"medium",230.6,0.533437615470811,"Magnolia grandiflora ‘Little Gem’","Evergreen","Non Native","Slow"
"magnolia_grandiflora_littlegem",33572,200,3,258.6,30,7,71,"medium",228.6,1.20676176478606,"Magnolia grandiflora ‘Little Gem’","Evergreen","Non Native","Slow"
"magnolia_grandiflora_littlegem",33572,200,4,270.4,28,8,65,"medium",242.4,1.07247690008248,"Magnolia grandiflora ‘Little Gem’","Evergreen","Non Native","Slow"
"magnolia_grandiflora_littlegem",33572,200,5,261.7,31,4,70,"low",230.7,1.18378352779917,"Magnolia grandiflora ‘Little Gem’","Evergreen","Non Native","Slow"
"magnolia_grandiflora_littlegem",33572,200,10,285.9,26,8,73,"medium",259.9,1.4503760435099,"Magnolia grandiflora ‘Little Gem’","Evergreen","Non Native","Slow"
"magnolia_grandiflora_littlegem",33572,200,7,285.8,18,8,63,"medium",267.8,1.11306439221127,"Magnolia grandiflora ‘Little Gem’","Evergreen","Non Native","Slow"
"magnolia_grandiflora_littlegem",33572,200,8,276.4,33,6,65,"medium",243.4,1.07690130973629,"Magnolia grandiflora ‘Little Gem’","Evergreen","Non Native","Slow"
"magnolia_grandiflora_littlegem",33572,200,9,301.4,33,6,72,"medium",268.4,1.45705559309021,"Magnolia grandiflora ‘Little Gem’","Evergreen","Non Native","Slow"
"magnolia_grandiflora_littlegem",33572,200,1,2799.9,35,5,61,"medium",2764.9,10.7737704111182,"Magnolia grandiflora ‘Little Gem’","Evergreen","Non Native","Slow"
"olea_europea",35469,65,7,248,67,6,54,"medium",181,0.552706678731359,"Olea europea","Evergreen","Non Native","Slow"
"olea_europea",35469,65,10,224.5,79,7,45,"medium",145.5,0.308543668490688,"Olea europea","Evergreen","Non Native","Slow"
"olea_europea",35468,35,10,236.5,24,5,77,"medium",212.5,1.31937728472198,"Olea europea","Evergreen","Non Native","Slow"
"olea_europea",35469,65,6,248,86,8,46,"medium",162,0.358970942969784,"Olea europea","Evergreen","Non Native","Slow"
"olea_europea",35468,35,4,268.9,42,4,68,"low",226.9,1.09870459107073,"Olea europea","Evergreen","Non Native","Slow"
"olea_europea",35469,65,8,281.3,71,4,62,"low",210.3,0.846547379443982,"Olea europea","Evergreen","Non Native","Slow"
"olea_europea",35469,65,9,221.7,62,5,54,"medium",159.7,0.487664401068498,"Olea europea","Evergreen","Non Native","Slow"
"olea_europea",35468,35,8,233.4,46,3,78,"low",187.4,1.19395349153737,"Olea europea","Evergreen","Non Native","Slow"
"olea_europea",35468,35,9,224.3,25,5,64,"medium",199.3,0.854861709121462,"Olea europea","Evergreen","Non Native","Slow"
"olea_europea",35470,100,8,233.3,78,4,55,"low",155.3,0.491955083595016,"Olea europea","Evergreen","Non Native","Slow"
"olea_europea",35470,100,9,245.9,75,4,42,"low",170.9,0.315696132485115,"Olea europea","Evergreen","Non Native","Slow"
"olea_europea",35470,100,10,254.5,83,3,40,"low",171.5,0.287351008048346,"Olea europea","Evergreen","Non Native","Slow"
"olea_europea",35469,65,1,270.9,84,7,55,"medium",186.9,0.592056697513898,"Olea europea","Evergreen","Non Native","Slow"
"olea_europea",35469,65,2,232.4,65,3,70,"low",167.4,0.858974263344521,"Olea europea","Evergreen","Non Native","Slow"
"olea_europea",35469,65,4,278.7,60,5,45,"medium",218.7,0.463769761504559,"Olea europea","Evergreen","Non Native","Slow"
"olea_europea",35469,65,5,278.7,70,7,71,"medium",208.7,1.10171119995997,"Olea europea","Evergreen","Non Native","Slow"
"olea_europea",35468,35,3,232.8,33,5,89,"medium",199.8,1.65731139024504,"Olea europea","Evergreen","Non Native","Slow"
"olea_europea",35470,100,3,237.5,80,6,55,"medium",157.5,0.498924183298229,"Olea europea","Evergreen","Non Native","Slow"
"olea_europea",35468,35,5,239.4,36,5,79,"medium",203.4,1.32933288712145,"Olea europea","Evergreen","Non Native","Slow"
"olea_europea",35468,35,6,214.4,46,6,65,"medium",168.4,0.745070585700867,"Olea europea","Evergreen","Non Native","Slow"
"olea_europea",35470,100,6,259,62,3,40,"low",197,0.330076668137168,"Olea europea","Evergreen","Non Native","Slow"
"olea_europea",35470,100,7,268.1,80,4,45,"low",188.1,0.398880165244662,"Olea europea","Evergreen","Non Native","Slow"
"olea_europea",26749,15,5,221,53,10,79.5,"medium",168,1.11191645425565,"Olea europea","Evergreen","Non Native","Slow"
"olea_europea",26749,15,6,212.9,46,6,65,"medium",166.9,0.738433971220159,"Olea europea","Evergreen","Non Native","Slow"
"olea_europea",26749,15,7,152.6,40,5,87,"medium",112.6,0.892494428639794,"Olea europea","Evergreen","Non Native","Slow"
"olea_europea",26749,15,8,168.6,65,6,70,"medium",103.6,0.531599364889441,"Olea europea","Evergreen","Non Native","Slow"
"olea_europea",26749,15,9,193.1,42,10,98,"medium",151.1,1.51965580606368,"Olea europea","Evergreen","Non Native","Slow"
"olea_europea",35469,65,3,217.4,73,5,50,"medium",144.4,0.378038315981972,"Olea europea","Evergreen","Non Native","Slow"
"olea_europea",35468,35,2,233.8,34,7,65,"medium",199.8,0.883997048830364,"Olea europea","Evergreen","Non Native","Slow"
"olea_europea",35470,100,2,26,80,8,50,"medium",-54,-0.141371669411541,"Olea europea","Evergreen","Non Native","Slow"
"olea_europea",35470,100,1,275,120,4,45,"low",155,0.328689131381832,"Olea europea","Evergreen","Non Native","Slow"
"olea_europea",26749,15,2,174.9,50,3,43,"low",124.9,0.241839907193097,"Olea europea","Evergreen","Non Native","Slow"
"olea_europea",35470,100,4,262.8,75,10,50,"medium",187.8,0.491659250286803,"Olea europea","Evergreen","Non Native","Slow"
"olea_europea",35468,35,7,232.9,36,6,96,"medium",196.9,1.9002765112069,"Olea europea","Evergreen","Non Native","Slow"
"olea_europea",26749,15,4,169.1,44,6,74,"medium",125.1,0.717380169173106,"Olea europea","Evergreen","Non Native","Slow"
"olea_europea",26749,15,3,164,38,5,116,"medium",126,1.77547737136158,"Olea europea","Evergreen","Non Native","Slow"
"olea_europea",26749,15,10,178.2,38,6,83,"medium",140.2,1.01142297901311,"Olea europea","Evergreen","Non Native","Slow"
"olea_europea",35468,35,1,204.6,43,7,78,"medium",161.6,1.02957782407918,"Olea europea","Evergreen","Non Native","Slow"
"olea_europea",35470,100,5,256.1,85,3,40,"low",171.1,0.286680801615581,"Olea europea","Evergreen","Non Native","Slow"
"olea_europea",26749,15,1,158.1,34,5,68,"medium",124.1,0.600922167262574,"Olea europea","Evergreen","Non Native","Slow"
"tristaniopsis_laurina_luscious",34994,75,2,220.6,36,2,50,"low",184.6,0.48328166987723,"Tristaniopsis laurina ‘Luscious’","Evergreen","Native","Slow"
"tristaniopsis_laurina_luscious",34994,75,4,213.6,47,4,65,"low",166.6,0.737106648324017,"Tristaniopsis laurina ‘Luscious’","Evergreen","Native","Slow"
"tristaniopsis_laurina_luscious",34994,75,1,220.6,43,2,42,"low",177.6,0.328072750903198,"Tristaniopsis laurina ‘Luscious’","Evergreen","Native","Slow"
"tristaniopsis_laurina_luscious",34994,75,6,230.1,41,5,44,"medium",189.1,0.383376510218952,"Tristaniopsis laurina ‘Luscious’","Evergreen","Native","Slow"
"tristaniopsis_laurina_luscious",34994,75,3,202.5,37,5,48,"medium",165.5,0.399308992641877,"Tristaniopsis laurina ‘Luscious’","Evergreen","Native","Slow"
"tristaniopsis_laurina_luscious",34994,75,7,223.8,52,6,48,"medium",171.8,0.414509274537006,"Tristaniopsis laurina ‘Luscious’","Evergreen","Native","Slow"
"tristaniopsis_laurina_luscious",34994,75,5,241.7,42,5,54,"medium",199.7,0.609809523440069,"Tristaniopsis laurina ‘Luscious’","Evergreen","Native","Slow"
"tristaniopsis_laurina_luscious",34994,75,9,234.1,57,3,36,"low",177.1,0.240354457466725,"Tristaniopsis laurina ‘Luscious’","Evergreen","Native","Slow"
"tristaniopsis_laurina_luscious",34994,75,10,227.9,43,10,42,"medium",184.9,0.341557723209467,"Tristaniopsis laurina ‘Luscious’","Evergreen","Native","Slow"
"tristaniopsis_laurina_luscious",34994,75,8,223.8,56,7,50,"medium",167.8,0.439299372726973,"Tristaniopsis laurina ‘Luscious’","Evergreen","Native","Slow"
"ulmus_parvifolia",33573,400,4,360.8,116,9,140,"medium",244.8,5.02453762644537,"Ulmus parvifolia ","Deciduous","Non-Native","Fast"
"ulmus_parvifolia",1948,200,4,350.2,98,5,110,"medium",252.2,3.19564899118256,"Ulmus parvifolia ","Deciduous","Non-Native","Fast"
"ulmus_parvifolia",33573,400,8,356.8,102,5,195,"medium",254.8,10.1460562181071,"Ulmus parvifolia ","Deciduous","Non-Native","Fast"
"ulmus_parvifolia",33573,400,9,340.9,115,7,110,"medium",225.9,2.86239931446527,"Ulmus parvifolia ","Deciduous","Non-Native","Fast"
"ulmus_parvifolia",33573,400,10,366.4,110,7,100,"medium",256.4,2.68501452126808,"Ulmus parvifolia ","Deciduous","Non-Native","Fast"
"ulmus_parvifolia",1948,200,10,330.8,105,5,105,"medium",225.8,2.60694070783861,"Ulmus parvifolia ","Deciduous","Non-Native","Fast"
"ulmus_parvifolia",1948,200,9,348.1,135,8,140,"medium",213.1,4.3738928439359,"Ulmus parvifolia ","Deciduous","Non-Native","Fast"
"ulmus_parvifolia",1948,200,1,399.1,99,6,130,"medium",300.1,5.31106134842827,"Ulmus parvifolia ","Deciduous","Non-Native","Fast"
"ulmus_parvifolia",1948,200,2,321.5,98,12,103,"high",223.5,2.48302215641409,"Ulmus parvifolia ","Deciduous","Non-Native","Fast"
"ulmus_parvifolia",1948,200,3,387.7,107,8,110,"medium",280.7,3.55677506671271,"Ulmus parvifolia ","Deciduous","Non-Native","Fast"
"ulmus_parvifolia",33573,400,1,343.6,121,6,110,"medium",222.6,2.82058471624599,"Ulmus parvifolia ","Deciduous","Non-Native","Fast"
"ulmus_parvifolia",33573,400,2,368.5,120,8,130,"medium",248.5,4.39786319588279,"Ulmus parvifolia ","Deciduous","Non-Native","Fast"
"ulmus_parvifolia",33573,400,5,347.5,113,7,120,"medium",234.5,3.53617669088067,"Ulmus parvifolia ","Deciduous","Non-Native","Fast"
"ulmus_parvifolia",33573,400,6,333.1,114,5,125,"medium",219.1,3.5850153666746,"Ulmus parvifolia ","Deciduous","Non-Native","Fast"
"ulmus_parvifolia",33573,400,7,316.4,95,6,140,"medium",221.4,4.54425094156456,"Ulmus parvifolia ","Deciduous","Non-Native","Fast"
"ulmus_parvifolia",1948,200,7,378.7,89,11,90,"high",289.7,2.4573223577114,"Ulmus parvifolia ","Deciduous","Non-Native","Fast"
"ulmus_parvifolia",26658,800,1,398.5,124,4,140,"low",274.5,5.63413226494793,"Ulmus parvifolia ","Deciduous","Non-Native","Fast"
"ulmus_parvifolia",1948,200,8,379.6,87,8,100,"medium",292.6,3.06410003480125,"Ulmus parvifolia ","Deciduous","Non-Native","Fast"
"ulmus_parvifolia",26658,800,3,377.8,113,4,200,"low",264.8,11.0919164622744,"Ulmus parvifolia ","Deciduous","Non-Native","Fast"
"ulmus_parvifolia",26658,800,4,404.1,122,4,150,"low",282.1,6.64682465683261,"Ulmus parvifolia ","Deciduous","Non-Native","Fast"
"ulmus_parvifolia",26658,800,5,344.8,125,5,160,"medium",219.8,5.89245495687711,"Ulmus parvifolia ","Deciduous","Non-Native","Fast"
"ulmus_parvifolia",26658,800,2,391.6,120,4,180,"low",271.6,9.21517089892187,"Ulmus parvifolia ","Deciduous","Non-Native","Fast"
"ulmus_parvifolia",1948,200,5,338.2,107,6,160,"medium",231.2,6.19806909021833,"Ulmus parvifolia ","Deciduous","Non-Native","Fast"
"ulmus_parvifolia",1948,200,6,348.6,97,10,135,"medium",251.6,4.80183012323239,"Ulmus parvifolia ","Deciduous","Non-Native","Fast"
"ulmus_parvifolia",33573,400,3,372.2,120,4,125,"low",252.2,4.12661285018409,"Ulmus parvifolia ","Deciduous","Non-Native","Fast"
"waterhousea_floribunda",34776,35,9,122,19,10,59,"medium",103,0.375465351598682,"Waterhousea floribunda","Evergreen","Native","Fast"
"waterhousea_floribunda",34776,35,6,124,14,15,55,"high",110,0.348454985160668,"Waterhousea floribunda","Evergreen","Native","Fast"
"waterhousea_floribunda",26162,75,5,191.7,15,3,67,"low",176.7,0.830643694953714,"Waterhousea floribunda","Evergreen","Native","Fast"
"waterhousea_floribunda",26162,75,6,213,10,5,70,"medium",203,1.04164740417526,"Waterhousea floribunda","Evergreen","Native","Fast"
"waterhousea_floribunda",26706,200,1,373.5,39,7,70,"medium",334.5,1.71640914628878,"Waterhousea floribunda","Evergreen","Native","Fast"
"waterhousea_floribunda",34776,35,4,154,15,12,60,"high",139,0.524017654618777,"Waterhousea floribunda","Evergreen","Native","Fast"
"waterhousea_floribunda",34776,35,8,129,16,14,64,"high",113,0.484693292176243,"Waterhousea floribunda","Evergreen","Native","Fast"
"waterhousea_floribunda",26162,75,3,189.2,15,6,80,"medium",174.2,1.16749960587806,"Waterhousea floribunda","Evergreen","Native","Fast"
"waterhousea_floribunda",34776,35,5,137,15,18,49,"high",122,0.30674720109161,"Waterhousea floribunda","Evergreen","Native","Fast"
"waterhousea_floribunda",26083,100,1,251.4,13,5,50,"medium",238.4,0.624129740513172,"Waterhousea floribunda","Evergreen","Native","Fast"
"waterhousea_floribunda",34776,35,7,118,20,8,49,"medium",98,0.246403489401457,"Waterhousea floribunda","Evergreen","Native","Fast"
"waterhousea_floribunda",26162,75,4,189.2,20,5,63,"medium",169.2,0.703250542054321,"Waterhousea floribunda","Evergreen","Native","Fast"
"waterhousea_floribunda",26162,75,2,180,15,6,40,"medium",165,0.276460153515902,"Waterhousea floribunda","Evergreen","Native","Fast"
"waterhousea_floribunda",34776,35,2,160,20,8,40,"medium",140,0.234572251468038,"Waterhousea floribunda","Evergreen","Native","Fast"
"waterhousea_floribunda",26706,200,2,351.5,27,5,71,"medium",324.5,1.71301046663637,"Waterhousea floribunda","Evergreen","Native","Fast"
"waterhousea_floribunda",26162,75,7,238.3,10,7,65,"medium",228.3,1.01009272396382,"Waterhousea floribunda","Evergreen","Native","Fast"
"waterhousea_floribunda",34776,35,3,146,16,11,49,"high",130,0.326861771654994,"Waterhousea floribunda","Evergreen","Native","Fast"
"waterhousea_floribunda",34776,35,1,169,18,10,48,"medium",151,0.364324216851501,"Waterhousea floribunda","Evergreen","Native","Fast"
"waterhousea_floribunda",26706,200,3,314,15,8,50,"medium",299,0.782780169519457,"Waterhousea floribunda","Evergreen","Native","Fast"
"waterhousea_floribunda",34776,35,10,144,18,13,40,"high",126,0.211115026321234,"Waterhousea floribunda","Evergreen","Native","Fast"
"waterhousea_floribunda",26162,75,1,221.9,15,6,50,"medium",206.9,0.54166293335644,"Waterhousea floribunda","Evergreen","Native","Fast"
"waterhousea_floribunda",26706,200,6,336,23,8,77,"medium",313,1.94336512996697,"Waterhousea floribunda","Evergreen","Native","Fast"
"waterhousea_floribunda",26706,200,5,329.7,20,8,110,"medium",309.7,3.92423668742759,"Waterhousea floribunda","Evergreen","Native","Fast"
"waterhousea_floribunda",26706,200,4,283.4,21,5,64,"medium",262.4,1.12551787492961,"Waterhousea floribunda","Evergreen","Native","Fast"
