date,species,batch_id,volume,grade,tree,height,diameter1,diameter2
27/06/2016,fraxinus_pennsylvanica_urbanite,fpu_br,bareroot,regular,1,125.5,11.62,11.47
27/06/2016,fraxinus_pennsylvanica_urbanite,fpu_br,bareroot,regular,2,129.9,12.64,12.64
27/06/2016,fraxinus_pennsylvanica_urbanite,fpu_br,bareroot,regular,3,135,11.36,11.75
27/06/2016,fraxinus_pennsylvanica_urbanite,fpu_br,bareroot,regular,4,122.5,10.8,10.87
27/06/2016,fraxinus_pennsylvanica_urbanite,fpu_br,bareroot,regular,5,122,11.14,11.9
27/06/2016,fraxinus_pennsylvanica_urbanite,fpu_br,bareroot,regular,6,121.5,13.16,13.31
27/06/2016,fraxinus_pennsylvanica_urbanite,fpu_br,bareroot,regular,7,123.4,13.33,13.42
27/06/2016,fraxinus_pennsylvanica_urbanite,fpu_br,bareroot,regular,8,119.5,12.36,12.38
27/06/2016,fraxinus_pennsylvanica_urbanite,fpu_br,bareroot,regular,9,124.3,11.56,11.68
27/06/2016,fraxinus_pennsylvanica_urbanite,fpu_br,bareroot,regular,10,119.4,12.78,12.83
27/06/2016,fraxinus_pennsylvanica_urbanite,fpu_br,bareroot,advanced,1,195.9,21.21,20.55
27/06/2016,fraxinus_pennsylvanica_urbanite,fpu_br,bareroot,advanced,2,163.5,17.03,17.75
27/06/2016,fraxinus_pennsylvanica_urbanite,fpu_br,bareroot,advanced,3,161.8,20.75,20.02
27/06/2016,fraxinus_pennsylvanica_urbanite,fpu_br,bareroot,advanced,4,200,19.48,19.78
27/06/2016,fraxinus_pennsylvanica_urbanite,fpu_br,bareroot,advanced,5,171.9,18.2,18.18
27/06/2016,fraxinus_pennsylvanica_urbanite,fpu_br,bareroot,advanced,6,157.2,18.86,18.76
27/06/2016,fraxinus_pennsylvanica_urbanite,fpu_br,bareroot,advanced,7,157.5,21.09,21.1
27/06/2016,fraxinus_pennsylvanica_urbanite,fpu_br,bareroot,advanced,8,181.6,17.98,17.95
27/06/2016,fraxinus_pennsylvanica_urbanite,fpu_br,bareroot,advanced,9,170,20.06,20.01
27/06/2016,fraxinus_pennsylvanica_urbanite,fpu_br,bareroot,advanced,10,167,18.12,18.24
27/06/2016,platanus_x_acerifolia,pa_br,bareroot,regular,1,151.5,17.7,17.95
27/06/2016,platanus_x_acerifolia,pa_br,bareroot,regular,2,166.2,16.44,16.71
27/06/2016,platanus_x_acerifolia,pa_br,bareroot,regular,3,170,16.65,16.5
27/06/2016,platanus_x_acerifolia,pa_br,bareroot,regular,4,173.5,16.93,17.23
27/06/2016,platanus_x_acerifolia,pa_br,bareroot,regular,5,172.4,20.35,19.87
27/06/2016,platanus_x_acerifolia,pa_br,bareroot,regular,6,166.6,16.58,16.23
27/06/2016,platanus_x_acerifolia,pa_br,bareroot,regular,7,150.8,15.82,16.25
27/06/2016,platanus_x_acerifolia,pa_br,bareroot,regular,8,147.6,15.64,15.52
27/06/2016,platanus_x_acerifolia,pa_br,bareroot,regular,9,155.3,15.08,15.22
27/06/2016,platanus_x_acerifolia,pa_br,bareroot,regular,10,157.5,15.22,14.83
27/06/2016,platanus_x_acerifolia,pa_br,bareroot,advanced,1,245,25.31,26.35
27/06/2016,platanus_x_acerifolia,pa_br,bareroot,advanced,2,215.4,22.71,23.28
27/06/2016,platanus_x_acerifolia,pa_br,bareroot,advanced,3,245.4,28.07,27.88
27/06/2016,platanus_x_acerifolia,pa_br,bareroot,advanced,4,232.9,26.32,26.01
27/06/2016,platanus_x_acerifolia,pa_br,bareroot,advanced,5,209.9,23.04,24.74
27/06/2016,platanus_x_acerifolia,pa_br,bareroot,advanced,6,205,26.34,27.68
27/06/2016,platanus_x_acerifolia,pa_br,bareroot,advanced,7,251.5,28.95,29.19
27/06/2016,platanus_x_acerifolia,pa_br,bareroot,advanced,8,203,24.86,25.2
27/06/2016,platanus_x_acerifolia,pa_br,bareroot,advanced,9,221.7,27.76,27.86
27/06/2016,platanus_x_acerifolia,pa_br,bareroot,advanced,10,219.5,26.2,26.77
27/06/2016,acer_rubrum_octoberglory,aro_br,bareroot,regular,1,117.9,16.98,17.17
27/06/2016,acer_rubrum_octoberglory,aro_br,bareroot,regular,2,175.8,15.82,16.4
27/06/2016,acer_rubrum_octoberglory,aro_br,bareroot,regular,3,132.6,16.65,16.76
27/06/2016,acer_rubrum_octoberglory,aro_br,bareroot,regular,4,132.9,14.65,14.5
27/06/2016,acer_rubrum_octoberglory,aro_br,bareroot,regular,5,136.2,14.69,15.12
27/06/2016,acer_rubrum_octoberglory,aro_br,bareroot,regular,6,152,13.67,13.59
27/06/2016,acer_rubrum_octoberglory,aro_br,bareroot,regular,7,156.3,16.13,16.21
27/06/2016,acer_rubrum_octoberglory,aro_br,bareroot,regular,8,140.1,13.61,12.94
27/06/2016,acer_rubrum_octoberglory,aro_br,bareroot,regular,9,165.5,13.96,14.02
27/06/2016,acer_rubrum_octoberglory,aro_br,bareroot,regular,10,157,15.24,15.51
27/06/2016,acer_rubrum_octoberglory,aro_br,bareroot,advanced,1,165,22.58,22.01
27/06/2016,acer_rubrum_octoberglory,aro_br,bareroot,advanced,2,198.5,23.89,25.34
27/06/2016,acer_rubrum_octoberglory,aro_br,bareroot,advanced,3,190.4,21.76,23.24
27/06/2016,acer_rubrum_octoberglory,aro_br,bareroot,advanced,4,176,20.87,20.55
27/06/2016,acer_rubrum_octoberglory,aro_br,bareroot,advanced,5,179.1,20.67,20.68
27/06/2016,acer_rubrum_octoberglory,aro_br,bareroot,advanced,6,188,22.63,22.04
27/06/2016,acer_rubrum_octoberglory,aro_br,bareroot,advanced,7,187,22.56,22.85
27/06/2016,acer_rubrum_octoberglory,aro_br,bareroot,advanced,8,176.8,22.76,21.29
27/06/2016,acer_rubrum_octoberglory,aro_br,bareroot,advanced,9,155.1,20.3,20.25
27/06/2016,acer_rubrum_octoberglory,aro_br,bareroot,advanced,10,185.5,19.38,18.84
27/06/2016,pyrus_calleryana_capital,pcca_br,bareroot,regular,1,123.5,12.47,12.52
27/06/2016,pyrus_calleryana_capital,pcca_br,bareroot,regular,2,112.8,9.59,8.85
27/06/2016,pyrus_calleryana_capital,pcca_br,bareroot,regular,3,109.2,9.51,9.44
27/06/2016,pyrus_calleryana_capital,pcca_br,bareroot,regular,4,121.4,11.74,11.9
27/06/2016,pyrus_calleryana_capital,pcca_br,bareroot,regular,5,118.7,9.9,9.08
27/06/2016,pyrus_calleryana_capital,pcca_br,bareroot,regular,6,114.2,12.26,12.27
27/06/2016,pyrus_calleryana_capital,pcca_br,bareroot,regular,7,117.5,9.09,9.23
27/06/2016,pyrus_calleryana_capital,pcca_br,bareroot,regular,8,113.8,10.2,10.78
27/06/2016,pyrus_calleryana_capital,pcca_br,bareroot,regular,9,123,10.42,10.84
27/06/2016,pyrus_calleryana_capital,pcca_br,bareroot,regular,10,119,8.94,9.2
27/06/2016,pyrus_calleryana_capital,pcca_br,bareroot,advanced,1,148,17.04,17.33
27/06/2016,pyrus_calleryana_capital,pcca_br,bareroot,advanced,2,132.5,14.84,15.41
27/06/2016,pyrus_calleryana_capital,pcca_br,bareroot,advanced,3,145,16.03,15.2
27/06/2016,pyrus_calleryana_capital,pcca_br,bareroot,advanced,4,147.4,15.94,17.14
27/06/2016,pyrus_calleryana_capital,pcca_br,bareroot,advanced,5,148.1,16.02,17.36
27/06/2016,pyrus_calleryana_capital,pcca_br,bareroot,advanced,6,117,14.33,14.57
27/06/2016,pyrus_calleryana_capital,pcca_br,bareroot,advanced,7,140.5,14.16,13.6
27/06/2016,pyrus_calleryana_capital,pcca_br,bareroot,advanced,8,143.5,16.13,15.87
27/06/2016,pyrus_calleryana_capital,pcca_br,bareroot,advanced,9,142,16.14,15.86
27/06/2016,pyrus_calleryana_capital,pcca_br,bareroot,advanced,10,130.5,15.74,16.44
27/06/2016,pyrus_calleryana_chanticleer,pcc_br,bareroot,regular,1,111.6,14.08,14.06
27/06/2016,pyrus_calleryana_chanticleer,pcc_br,bareroot,regular,2,136.6,12.49,13.07
27/06/2016,pyrus_calleryana_chanticleer,pcc_br,bareroot,regular,3,121,12.73,13.69
27/06/2016,pyrus_calleryana_chanticleer,pcc_br,bareroot,regular,4,119,16.2,16.33
27/06/2016,pyrus_calleryana_chanticleer,pcc_br,bareroot,regular,5,109.5,14.18,13.25
27/06/2016,pyrus_calleryana_chanticleer,pcc_br,bareroot,regular,6,119.1,13.1,11.81
27/06/2016,pyrus_calleryana_chanticleer,pcc_br,bareroot,regular,7,120,10.81,11.12
27/06/2016,pyrus_calleryana_chanticleer,pcc_br,bareroot,regular,8,130,14.67,15.04
27/06/2016,pyrus_calleryana_chanticleer,pcc_br,bareroot,regular,9,130.7,14.13,13.92
27/06/2016,pyrus_calleryana_chanticleer,pcc_br,bareroot,regular,10,120.1,13.8,15.36
27/06/2016,pyrus_calleryana_chanticleer,pcc_br,bareroot,advanced,1,147,17.15,17.59
27/06/2016,pyrus_calleryana_chanticleer,pcc_br,bareroot,advanced,2,153,17.68,18.49
27/06/2016,pyrus_calleryana_chanticleer,pcc_br,bareroot,advanced,3,150.1,14.71,15.88
27/06/2016,pyrus_calleryana_chanticleer,pcc_br,bareroot,advanced,4,147.4,13.52,15.82
27/06/2016,pyrus_calleryana_chanticleer,pcc_br,bareroot,advanced,5,139.5,14.64,15.33
27/06/2016,pyrus_calleryana_chanticleer,pcc_br,bareroot,advanced,6,141.9,16.03,15.48
27/06/2016,pyrus_calleryana_chanticleer,pcc_br,bareroot,advanced,7,146.2,17.17,17.6
27/06/2016,pyrus_calleryana_chanticleer,pcc_br,bareroot,advanced,8,151.1,15.33,17
27/06/2016,pyrus_calleryana_chanticleer,pcc_br,bareroot,advanced,9,147.1,16.12,15.68
27/06/2016,pyrus_calleryana_chanticleer,pcc_br,bareroot,advanced,10,144,15.87,14.42
27/06/2016,acer_rubrum_bowhall,arb_br,bareroot,regular,1,139.7,15.46,15.37
27/06/2016,acer_rubrum_bowhall,arb_br,bareroot,regular,2,144.1,16.02,15.85
27/06/2016,acer_rubrum_bowhall,arb_br,bareroot,regular,3,133.3,14.71,14.73
27/06/2016,acer_rubrum_bowhall,arb_br,bareroot,regular,4,149.1,13.93,13.96
27/06/2016,acer_rubrum_bowhall,arb_br,bareroot,regular,5,117.2,16.72,16.74
27/06/2016,acer_rubrum_bowhall,arb_br,bareroot,regular,6,145,14.76,14.97
27/06/2016,acer_rubrum_bowhall,arb_br,bareroot,regular,7,165.9,16.34,16.32
27/06/2016,acer_rubrum_bowhall,arb_br,bareroot,regular,8,146.1,14.11,14.37
27/06/2016,acer_rubrum_bowhall,arb_br,bareroot,regular,9,157.4,16.39,16.18
27/06/2016,acer_rubrum_bowhall,arb_br,bareroot,regular,10,143.8,15.49,15.73
27/06/2016,acer_rubrum_bowhall,arb_br,bareroot,advanced,1,177.8,17.8,17.66
27/06/2016,acer_rubrum_bowhall,arb_br,bareroot,advanced,2,196.8,20.96,20.22
27/06/2016,acer_rubrum_bowhall,arb_br,bareroot,advanced,3,162.2,17.54,18.45
27/06/2016,acer_rubrum_bowhall,arb_br,bareroot,advanced,4,189.4,17.97,18.23
27/06/2016,acer_rubrum_bowhall,arb_br,bareroot,advanced,5,164,17.3,17.27
27/06/2016,acer_rubrum_bowhall,arb_br,bareroot,advanced,6,185.9,18.92,19.14
27/06/2016,acer_rubrum_bowhall,arb_br,bareroot,advanced,7,176,16.03,16.53
27/06/2016,acer_rubrum_bowhall,arb_br,bareroot,advanced,8,189.1,19.19,18.87
27/06/2016,acer_rubrum_bowhall,arb_br,bareroot,advanced,9,186.3,17.44,17.86
27/06/2016,acer_rubrum_bowhall,arb_br,bareroot,advanced,10,186.6,18.61,18.44
27/06/2016,fraxinus_pennsylvanica_cimmaron,fpc_br,bareroot,regular,1,152.3,12.29,12.11
27/06/2016,fraxinus_pennsylvanica_cimmaron,fpc_br,bareroot,regular,2,151.6,12.5,12.7
27/06/2016,fraxinus_pennsylvanica_cimmaron,fpc_br,bareroot,regular,3,153.9,12.94,12.16
27/06/2016,fraxinus_pennsylvanica_cimmaron,fpc_br,bareroot,regular,4,150.9,12.89,12.86
27/06/2016,fraxinus_pennsylvanica_cimmaron,fpc_br,bareroot,regular,5,164.4,16.71,14.86
27/06/2016,fraxinus_pennsylvanica_cimmaron,fpc_br,bareroot,regular,6,158.5,14.6,14.87
27/06/2016,fraxinus_pennsylvanica_cimmaron,fpc_br,bareroot,regular,7,152.1,12.21,15.56
27/06/2016,fraxinus_pennsylvanica_cimmaron,fpc_br,bareroot,regular,8,155,12.4,13.26
27/06/2016,fraxinus_pennsylvanica_cimmaron,fpc_br,bareroot,regular,9,158.5,13.34,13.44
27/06/2016,fraxinus_pennsylvanica_cimmaron,fpc_br,bareroot,regular,10,144.1,12.02,12.63
27/06/2016,fraxinus_pennsylvanica_cimmaron,fpc_br,bareroot,advanced,1,203.5,19.29,20.27
27/06/2016,fraxinus_pennsylvanica_cimmaron,fpc_br,bareroot,advanced,2,203.1,20.7,19.82
27/06/2016,fraxinus_pennsylvanica_cimmaron,fpc_br,bareroot,advanced,3,177.3,17.38,16.84
27/06/2016,fraxinus_pennsylvanica_cimmaron,fpc_br,bareroot,advanced,4,193.1,16.5,17.4
27/06/2016,fraxinus_pennsylvanica_cimmaron,fpc_br,bareroot,advanced,5,184.9,16.81,17.39
27/06/2016,fraxinus_pennsylvanica_cimmaron,fpc_br,bareroot,advanced,6,179.9,14.51,14.89
27/06/2016,fraxinus_pennsylvanica_cimmaron,fpc_br,bareroot,advanced,7,186.5,16.08,16.06
27/06/2016,fraxinus_pennsylvanica_cimmaron,fpc_br,bareroot,advanced,8,205.6,17.14,17.42
27/06/2016,fraxinus_pennsylvanica_cimmaron,fpc_br,bareroot,advanced,9,171.8,16.46,15.28
27/06/2016,fraxinus_pennsylvanica_cimmaron,fpc_br,bareroot,advanced,10,220.5,19.53,19.86
27/06/2016,platanus_x_acerifolia_liberty,pal_br,bareroot,regular,1,161,13.71,13.5
27/06/2016,platanus_x_acerifolia_liberty,pal_br,bareroot,regular,2,187.2,17.43,17.15
27/06/2016,platanus_x_acerifolia_liberty,pal_br,bareroot,regular,3,161,15.68,14.84
27/06/2016,platanus_x_acerifolia_liberty,pal_br,bareroot,regular,4,183,14.35,14.43
27/06/2016,platanus_x_acerifolia_liberty,pal_br,bareroot,regular,5,186.1,16.08,16.23
27/06/2016,platanus_x_acerifolia_liberty,pal_br,bareroot,regular,6,185,15.28,14.91
27/06/2016,platanus_x_acerifolia_liberty,pal_br,bareroot,regular,7,174.9,15.15,14.92
27/06/2016,platanus_x_acerifolia_liberty,pal_br,bareroot,regular,8,198.6,16.66,16.93
27/06/2016,platanus_x_acerifolia_liberty,pal_br,bareroot,regular,9,176.5,13.66,14.12
27/06/2016,platanus_x_acerifolia_liberty,pal_br,bareroot,regular,10,181,16.42,16
27/06/2016,platanus_x_acerifolia_liberty,pal_br,bareroot,advanced,1,237.4,22.02,21.89
27/06/2016,platanus_x_acerifolia_liberty,pal_br,bareroot,advanced,2,258.6,22.75,22.58
27/06/2016,platanus_x_acerifolia_liberty,pal_br,bareroot,advanced,3,235,23.68,24.41
27/06/2016,platanus_x_acerifolia_liberty,pal_br,bareroot,advanced,4,252,21.67,21.97
27/06/2016,platanus_x_acerifolia_liberty,pal_br,bareroot,advanced,5,239.6,21.98,21.39
27/06/2016,platanus_x_acerifolia_liberty,pal_br,bareroot,advanced,6,222.2,21.41,21.23
27/06/2016,platanus_x_acerifolia_liberty,pal_br,bareroot,advanced,7,241.9,20.78,21.16
27/06/2016,platanus_x_acerifolia_liberty,pal_br,bareroot,advanced,8,246.5,21.33,21.08
27/06/2016,platanus_x_acerifolia_liberty,pal_br,bareroot,advanced,9,240.9,21.29,22.2
27/06/2016,platanus_x_acerifolia_liberty,pal_br,bareroot,advanced,10,242,22.42,22.63
4/08/2016,fraxinus_pennsylvanica_urbanite,fpu_br,bareroot,regular,1,121.5,10.71,10.49
4/08/2016,fraxinus_pennsylvanica_urbanite,fpu_br,bareroot,regular,2,117.5,12.9,12.69
4/08/2016,fraxinus_pennsylvanica_urbanite,fpu_br,bareroot,regular,3,118.5,10.35,9.82
4/08/2016,fraxinus_pennsylvanica_urbanite,fpu_br,bareroot,regular,4,112.5,10.71,10.59
4/08/2016,fraxinus_pennsylvanica_urbanite,fpu_br,bareroot,regular,5,113,11.4,11.29
4/08/2016,fraxinus_pennsylvanica_urbanite,fpu_br,bareroot,regular,6,103.5,13.58,13.06
4/08/2016,fraxinus_pennsylvanica_urbanite,fpu_br,bareroot,regular,7,93.5,12.94,12.55
4/08/2016,fraxinus_pennsylvanica_urbanite,fpu_br,bareroot,regular,8,109.5,12.45,12.27
4/08/2016,fraxinus_pennsylvanica_urbanite,fpu_br,bareroot,regular,9,108.5,11.26,11.45
4/08/2016,fraxinus_pennsylvanica_urbanite,fpu_br,bareroot,regular,10,108,13.28,13.33
4/08/2016,fraxinus_pennsylvanica_urbanite,fpu_br,bareroot,advanced,1,165.5,19.22,18.86
4/08/2016,fraxinus_pennsylvanica_urbanite,fpu_br,bareroot,advanced,2,154.5,16.83,16.81
4/08/2016,fraxinus_pennsylvanica_urbanite,fpu_br,bareroot,advanced,3,153.5,19.32,19.2
4/08/2016,fraxinus_pennsylvanica_urbanite,fpu_br,bareroot,advanced,4,161.5,18.01,19.11
4/08/2016,fraxinus_pennsylvanica_urbanite,fpu_br,bareroot,advanced,5,160,18.34,19.67
4/08/2016,fraxinus_pennsylvanica_urbanite,fpu_br,bareroot,advanced,6,155,18.85,18.31
4/08/2016,fraxinus_pennsylvanica_urbanite,fpu_br,bareroot,advanced,7,158,18.91,18.2
4/08/2016,fraxinus_pennsylvanica_urbanite,fpu_br,bareroot,advanced,8,158.5,18.18,17.57
4/08/2016,fraxinus_pennsylvanica_urbanite,fpu_br,bareroot,advanced,9,154,20.46,21.06
4/08/2016,fraxinus_pennsylvanica_urbanite,fpu_br,bareroot,advanced,10,151,18.44,20.14
4/08/2016,platanus_x_acerifolia,pa_br,bareroot,regular,1,123.5,16.63,16.15
4/08/2016,platanus_x_acerifolia,pa_br,bareroot,regular,2,154.5,17.69,17.92
4/08/2016,platanus_x_acerifolia,pa_br,bareroot,regular,3,148,16.72,16.52
4/08/2016,platanus_x_acerifolia,pa_br,bareroot,regular,4,152.5,18.81,19.72
4/08/2016,platanus_x_acerifolia,pa_br,bareroot,regular,5,151.5,20.53,20.7
4/08/2016,platanus_x_acerifolia,pa_br,bareroot,regular,6,149.5,16.43,16.71
4/08/2016,platanus_x_acerifolia,pa_br,bareroot,regular,7,147.5,15.51,15.91
4/08/2016,platanus_x_acerifolia,pa_br,bareroot,regular,8,145.5,17.05,16.71
4/08/2016,platanus_x_acerifolia,pa_br,bareroot,regular,9,147.5,15.39,15.23
4/08/2016,platanus_x_acerifolia,pa_br,bareroot,regular,10,146,14.27,15.13
4/08/2016,platanus_x_acerifolia,pa_br,bareroot,advanced,1,185.5,27.12,27.57
4/08/2016,platanus_x_acerifolia,pa_br,bareroot,advanced,2,170.5,23.92,22.62
4/08/2016,platanus_x_acerifolia,pa_br,bareroot,advanced,3,187.5,27.54,26.57
4/08/2016,platanus_x_acerifolia,pa_br,bareroot,advanced,4,191,26.82,25.75
4/08/2016,platanus_x_acerifolia,pa_br,bareroot,advanced,5,177.5,23.14,22.59
4/08/2016,platanus_x_acerifolia,pa_br,bareroot,advanced,6,173.5,26.51,28.02
4/08/2016,platanus_x_acerifolia,pa_br,bareroot,advanced,7,196.5,28.11,28.9
4/08/2016,platanus_x_acerifolia,pa_br,bareroot,advanced,8,173,24.24,24.44
4/08/2016,platanus_x_acerifolia,pa_br,bareroot,advanced,9,181,29.37,26.79
4/08/2016,platanus_x_acerifolia,pa_br,bareroot,advanced,10,185,26.78,26.68
4/08/2016,acer_rubrum_octoberglory,aro_br,bareroot,regular,1,102.5,17.2,16.4
4/08/2016,acer_rubrum_octoberglory,aro_br,bareroot,regular,2,100,14.4,14.33
4/08/2016,acer_rubrum_octoberglory,aro_br,bareroot,regular,3,105,15.81,15.06
4/08/2016,acer_rubrum_octoberglory,aro_br,bareroot,regular,4,101,14.16,14.3
4/08/2016,acer_rubrum_octoberglory,aro_br,bareroot,regular,5,108.5,14.27,13.95
4/08/2016,acer_rubrum_octoberglory,aro_br,bareroot,regular,6,107,12.82,12.55
4/08/2016,acer_rubrum_octoberglory,aro_br,bareroot,regular,7,108.5,15.98,15.96
4/08/2016,acer_rubrum_octoberglory,aro_br,bareroot,regular,8,103,12.94,13.01
4/08/2016,acer_rubrum_octoberglory,aro_br,bareroot,regular,9,129.5,13.62,13.75
4/08/2016,acer_rubrum_octoberglory,aro_br,bareroot,regular,10,122.5,14.46,14.39
4/08/2016,acer_rubrum_octoberglory,aro_br,bareroot,advanced,1,133.5,22.23,21.82
4/08/2016,acer_rubrum_octoberglory,aro_br,bareroot,advanced,2,156,25.28,22.87
4/08/2016,acer_rubrum_octoberglory,aro_br,bareroot,advanced,3,126,21.25,20.76
4/08/2016,acer_rubrum_octoberglory,aro_br,bareroot,advanced,4,150.5,21.06,21.28
4/08/2016,acer_rubrum_octoberglory,aro_br,bareroot,advanced,5,150.5,20.73,21.48
4/08/2016,acer_rubrum_octoberglory,aro_br,bareroot,advanced,6,149,21.17,20.32
4/08/2016,acer_rubrum_octoberglory,aro_br,bareroot,advanced,7,155,22.7,22.63
4/08/2016,acer_rubrum_octoberglory,aro_br,bareroot,advanced,8,153,20.43,21.89
4/08/2016,acer_rubrum_octoberglory,aro_br,bareroot,advanced,9,127.5,19.22,19.38
4/08/2016,acer_rubrum_octoberglory,aro_br,bareroot,advanced,10,154,19.16,18.87
4/08/2016,pyrus_calleryana_capital,pcca_br,bareroot,regular,1,100,11.76,12.1
4/08/2016,pyrus_calleryana_capital,pcca_br,bareroot,regular,2,99,10.34,9.57
4/08/2016,pyrus_calleryana_capital,pcca_br,bareroot,regular,3,94.5,9.2,9.37
4/08/2016,pyrus_calleryana_capital,pcca_br,bareroot,regular,4,101.5,10.44,10.23
4/08/2016,pyrus_calleryana_capital,pcca_br,bareroot,regular,5,102.5,10.29,10.54
4/08/2016,pyrus_calleryana_capital,pcca_br,bareroot,regular,6,97.5,12.55,12.5
4/08/2016,pyrus_calleryana_capital,pcca_br,bareroot,regular,7,94.5,8.83,9.28
4/08/2016,pyrus_calleryana_capital,pcca_br,bareroot,regular,8,99.5,10.91,10.68
4/08/2016,pyrus_calleryana_capital,pcca_br,bareroot,regular,9,100.5,11.47,10.37
4/08/2016,pyrus_calleryana_capital,pcca_br,bareroot,regular,10,102,9.71,9.71
4/08/2016,pyrus_calleryana_capital,pcca_br,bareroot,advanced,1,145,16.49,16.7
4/08/2016,pyrus_calleryana_capital,pcca_br,bareroot,advanced,2,124.5,14.56,14.82
4/08/2016,pyrus_calleryana_capital,pcca_br,bareroot,advanced,3,125,14.45,14.36
4/08/2016,pyrus_calleryana_capital,pcca_br,bareroot,advanced,4,125.5,15.79,16.37
4/08/2016,pyrus_calleryana_capital,pcca_br,bareroot,advanced,5,126,15.11,15.63
4/08/2016,pyrus_calleryana_capital,pcca_br,bareroot,advanced,6,107.5,15.48,15.11
4/08/2016,pyrus_calleryana_capital,pcca_br,bareroot,advanced,7,122.5,14.87,13.6
4/08/2016,pyrus_calleryana_capital,pcca_br,bareroot,advanced,8,120.5,16.59,16.5
4/08/2016,pyrus_calleryana_capital,pcca_br,bareroot,advanced,9,124,16.59,16.07
4/08/2016,pyrus_calleryana_capital,pcca_br,bareroot,advanced,10,113,16.54,15.63
4/08/2016,pyrus_calleryana_chanticleer,pcc_br,bareroot,regular,1,93.5,12.94,1.29
4/08/2016,pyrus_calleryana_chanticleer,pcc_br,bareroot,regular,2,103,12.55,13.49
4/08/2016,pyrus_calleryana_chanticleer,pcc_br,bareroot,regular,3,94.5,12.65,13.21
4/08/2016,pyrus_calleryana_chanticleer,pcc_br,bareroot,regular,4,99.5,15.74,15.82
4/08/2016,pyrus_calleryana_chanticleer,pcc_br,bareroot,regular,5,88.5,15.02,14.7
4/08/2016,pyrus_calleryana_chanticleer,pcc_br,bareroot,regular,6,96,12.06,11.91
4/08/2016,pyrus_calleryana_chanticleer,pcc_br,bareroot,regular,7,93,10.9,11.06
4/08/2016,pyrus_calleryana_chanticleer,pcc_br,bareroot,regular,8,95.5,14.06,12.54
4/08/2016,pyrus_calleryana_chanticleer,pcc_br,bareroot,regular,9,95.5,12.61,13.55
4/08/2016,pyrus_calleryana_chanticleer,pcc_br,bareroot,regular,10,95,13.9,13.83
4/08/2016,pyrus_calleryana_chanticleer,pcc_br,bareroot,advanced,1,124,16.93,16.64
4/08/2016,pyrus_calleryana_chanticleer,pcc_br,bareroot,advanced,2,127,19.14,16.21
4/08/2016,pyrus_calleryana_chanticleer,pcc_br,bareroot,advanced,3,119.5,13.77,14.88
4/08/2016,pyrus_calleryana_chanticleer,pcc_br,bareroot,advanced,4,120,16.49,13.44
4/08/2016,pyrus_calleryana_chanticleer,pcc_br,bareroot,advanced,5,111,15.74,14.66
4/08/2016,pyrus_calleryana_chanticleer,pcc_br,bareroot,advanced,6,115.5,15.67,16.08
4/08/2016,pyrus_calleryana_chanticleer,pcc_br,bareroot,advanced,7,122.5,17.24,17.1
4/08/2016,pyrus_calleryana_chanticleer,pcc_br,bareroot,advanced,8,120.5,16.31,16.18
4/08/2016,pyrus_calleryana_chanticleer,pcc_br,bareroot,advanced,9,115,16.51,14.24
4/08/2016,pyrus_calleryana_chanticleer,pcc_br,bareroot,advanced,10,118,13.5,15.11
4/08/2016,acer_rubrum_bowhall,arb_br,bareroot,regular,1,121.5,16.63,15.93
4/08/2016,acer_rubrum_bowhall,arb_br,bareroot,regular,2,124,16,16.08
4/08/2016,acer_rubrum_bowhall,arb_br,bareroot,regular,3,109.5,15.72,14.92
4/08/2016,acer_rubrum_bowhall,arb_br,bareroot,regular,4,122,14.77,13.99
4/08/2016,acer_rubrum_bowhall,arb_br,bareroot,regular,5,129.5,16.54,16.55
4/08/2016,acer_rubrum_bowhall,arb_br,bareroot,regular,6,117.5,15.64,15.01
4/08/2016,acer_rubrum_bowhall,arb_br,bareroot,regular,7,132.5,16.25,16.11
4/08/2016,acer_rubrum_bowhall,arb_br,bareroot,regular,8,115.5,13.94,13.98
4/08/2016,acer_rubrum_bowhall,arb_br,bareroot,regular,9,130.5,15.15,15.84
4/08/2016,acer_rubrum_bowhall,arb_br,bareroot,regular,10,125,15.71,15.35
4/08/2016,acer_rubrum_bowhall,arb_br,bareroot,advanced,1,128.5,16.73,16.26
4/08/2016,acer_rubrum_bowhall,arb_br,bareroot,advanced,2,158,21.91,22.8
4/08/2016,acer_rubrum_bowhall,arb_br,bareroot,advanced,3,131.5,16.89,16.27
4/08/2016,acer_rubrum_bowhall,arb_br,bareroot,advanced,4,156.5,18.34,18.24
4/08/2016,acer_rubrum_bowhall,arb_br,bareroot,advanced,5,133,16.78,16.45
4/08/2016,acer_rubrum_bowhall,arb_br,bareroot,advanced,6,160.5,19.65,19.64
4/08/2016,acer_rubrum_bowhall,arb_br,bareroot,advanced,7,134.5,19.41,16.16
4/08/2016,acer_rubrum_bowhall,arb_br,bareroot,advanced,8,133,17.35,17.73
4/08/2016,acer_rubrum_bowhall,arb_br,bareroot,advanced,9,157,18.51,18.12
4/08/2016,acer_rubrum_bowhall,arb_br,bareroot,advanced,10,133.5,17.35,17.4
4/08/2016,fraxinus_pennsylvanica_cimmaron,fpc_br,bareroot,regular,1,124.5,12.28,11.59
4/08/2016,fraxinus_pennsylvanica_cimmaron,fpc_br,bareroot,regular,2,128,12.5,13
4/08/2016,fraxinus_pennsylvanica_cimmaron,fpc_br,bareroot,regular,3,126,12.9,13.47
4/08/2016,fraxinus_pennsylvanica_cimmaron,fpc_br,bareroot,regular,4,126,12.49,12.4
4/08/2016,fraxinus_pennsylvanica_cimmaron,fpc_br,bareroot,regular,5,127,15.57,13.89
4/08/2016,fraxinus_pennsylvanica_cimmaron,fpc_br,bareroot,regular,6,126.5,14.72,14.65
4/08/2016,fraxinus_pennsylvanica_cimmaron,fpc_br,bareroot,regular,7,121.5,12.7,11.52
4/08/2016,fraxinus_pennsylvanica_cimmaron,fpc_br,bareroot,regular,8,123.5,12.7,13.02
4/08/2016,fraxinus_pennsylvanica_cimmaron,fpc_br,bareroot,regular,9,125.5,13.99,13.06
4/08/2016,fraxinus_pennsylvanica_cimmaron,fpc_br,bareroot,regular,10,125,12.22,11.63
4/08/2016,fraxinus_pennsylvanica_cimmaron,fpc_br,bareroot,advanced,1,158.5,17.6,21.09
4/08/2016,fraxinus_pennsylvanica_cimmaron,fpc_br,bareroot,advanced,2,168,20,20.45
4/08/2016,fraxinus_pennsylvanica_cimmaron,fpc_br,bareroot,advanced,3,153,15.41,16.01
4/08/2016,fraxinus_pennsylvanica_cimmaron,fpc_br,bareroot,advanced,4,157.5,16.82,16.13
4/08/2016,fraxinus_pennsylvanica_cimmaron,fpc_br,bareroot,advanced,5,163.5,19.45,20.51
4/08/2016,fraxinus_pennsylvanica_cimmaron,fpc_br,bareroot,advanced,6,154.5,16.51,16.47
4/08/2016,fraxinus_pennsylvanica_cimmaron,fpc_br,bareroot,advanced,7,153.5,13.91,15.55
4/08/2016,fraxinus_pennsylvanica_cimmaron,fpc_br,bareroot,advanced,8,152.5,15.16,14.89
4/08/2016,fraxinus_pennsylvanica_cimmaron,fpc_br,bareroot,advanced,9,159.5,17.76,18.73
4/08/2016,fraxinus_pennsylvanica_cimmaron,fpc_br,bareroot,advanced,10,152.5,16.77,19.19
4/08/2016,platanus_x_acerifolia_liberty,pal_br,bareroot,regular,1,145.5,13.73,13.62
4/08/2016,platanus_x_acerifolia_liberty,pal_br,bareroot,regular,2,148.5,16.92,16.41
4/08/2016,platanus_x_acerifolia_liberty,pal_br,bareroot,regular,3,143,15.19,14.65
4/08/2016,platanus_x_acerifolia_liberty,pal_br,bareroot,regular,4,156,15.67,14.9
4/08/2016,platanus_x_acerifolia_liberty,pal_br,bareroot,regular,5,157,16.99,17.27
4/08/2016,platanus_x_acerifolia_liberty,pal_br,bareroot,regular,6,154,13.45,13.81
4/08/2016,platanus_x_acerifolia_liberty,pal_br,bareroot,regular,7,145,14.48,14.42
4/08/2016,platanus_x_acerifolia_liberty,pal_br,bareroot,regular,8,158,16.86,15.84
4/08/2016,platanus_x_acerifolia_liberty,pal_br,bareroot,regular,9,151,12.99,12.74
4/08/2016,platanus_x_acerifolia_liberty,pal_br,bareroot,regular,10,151.5,16.11,17.13
4/08/2016,platanus_x_acerifolia_liberty,pal_br,bareroot,advanced,1,192,21.63,21.58
4/08/2016,platanus_x_acerifolia_liberty,pal_br,bareroot,advanced,2,181,21.64,20.22
4/08/2016,platanus_x_acerifolia_liberty,pal_br,bareroot,advanced,3,180.5,23.01,23.47
4/08/2016,platanus_x_acerifolia_liberty,pal_br,bareroot,advanced,4,185.5,22.36,23.31
4/08/2016,platanus_x_acerifolia_liberty,pal_br,bareroot,advanced,5,179,21.09,21.06
4/08/2016,platanus_x_acerifolia_liberty,pal_br,bareroot,advanced,6,184,21,20.58
4/08/2016,platanus_x_acerifolia_liberty,pal_br,bareroot,advanced,7,180.5,18.9,18.57
4/08/2016,platanus_x_acerifolia_liberty,pal_br,bareroot,advanced,8,188.5,21.54,20.84
4/08/2016,platanus_x_acerifolia_liberty,pal_br,bareroot,advanced,9,188,22.19,20.76
4/08/2016,platanus_x_acerifolia_liberty,pal_br,bareroot,advanced,10,186,21.72,22.07
6/10/2016,fraxinus_pennsylvanica_urbanite,fpu_br,bareroot,regular,1,121,11.44,11.5
6/10/2016,fraxinus_pennsylvanica_urbanite,fpu_br,bareroot,regular,2,119,13.27,13.15
6/10/2016,fraxinus_pennsylvanica_urbanite,fpu_br,bareroot,regular,3,121,10.4,10.34
6/10/2016,fraxinus_pennsylvanica_urbanite,fpu_br,bareroot,regular,4,124,11.09,11.24
6/10/2016,fraxinus_pennsylvanica_urbanite,fpu_br,bareroot,regular,5,112.5,12.91,13.05
6/10/2016,fraxinus_pennsylvanica_urbanite,fpu_br,bareroot,regular,6,109,14.71,15.09
6/10/2016,fraxinus_pennsylvanica_urbanite,fpu_br,bareroot,regular,7,92.5,13.83,14.07
6/10/2016,fraxinus_pennsylvanica_urbanite,fpu_br,bareroot,regular,8,116,13.89,13.53
6/10/2016,fraxinus_pennsylvanica_urbanite,fpu_br,bareroot,regular,9,118,11.81,12.06
6/10/2016,fraxinus_pennsylvanica_urbanite,fpu_br,bareroot,regular,10,126.5,14.05,14.86
6/10/2016,fraxinus_pennsylvanica_urbanite,fpu_br,bareroot,advanced,1,165.5,20.05,19.99
6/10/2016,fraxinus_pennsylvanica_urbanite,fpu_br,bareroot,advanced,2,164,18.87,19.42
6/10/2016,fraxinus_pennsylvanica_urbanite,fpu_br,bareroot,advanced,3,161,19.93,20.23
6/10/2016,fraxinus_pennsylvanica_urbanite,fpu_br,bareroot,advanced,4,170,19.11,20.92
6/10/2016,fraxinus_pennsylvanica_urbanite,fpu_br,bareroot,advanced,5,166,18.94,21.05
6/10/2016,fraxinus_pennsylvanica_urbanite,fpu_br,bareroot,advanced,6,155,18.98,19.04
6/10/2016,fraxinus_pennsylvanica_urbanite,fpu_br,bareroot,advanced,7,164,20.43,20.77
6/10/2016,fraxinus_pennsylvanica_urbanite,fpu_br,bareroot,advanced,8,168,18.89,18.59
6/10/2016,fraxinus_pennsylvanica_urbanite,fpu_br,bareroot,advanced,9,154,20.76,20.92
6/10/2016,fraxinus_pennsylvanica_urbanite,fpu_br,bareroot,advanced,10,154,19.19,21.37
6/10/2016,platanus_x_acerifolia,pa_br,bareroot,regular,1,124.5,15.71,15.72
6/10/2016,platanus_x_acerifolia,pa_br,bareroot,regular,2,154.5,16.57,17.31
6/10/2016,platanus_x_acerifolia,pa_br,bareroot,regular,3,149,16.47,16.57
6/10/2016,platanus_x_acerifolia,pa_br,bareroot,regular,4,153,17.85,18.15
6/10/2016,platanus_x_acerifolia,pa_br,bareroot,regular,5,152,19.21,19.92
6/10/2016,platanus_x_acerifolia,pa_br,bareroot,regular,6,151,16.45,16.53
6/10/2016,platanus_x_acerifolia,pa_br,bareroot,regular,7,149,15.14,16.01
6/10/2016,platanus_x_acerifolia,pa_br,bareroot,regular,8,146,15.56,15.52
6/10/2016,platanus_x_acerifolia,pa_br,bareroot,regular,9,148,14.83,15.32
6/10/2016,platanus_x_acerifolia,pa_br,bareroot,regular,10,146.5,14.29,15.06
6/10/2016,platanus_x_acerifolia,pa_br,bareroot,advanced,1,184,26.86,27.46
6/10/2016,platanus_x_acerifolia,pa_br,bareroot,advanced,2,169,22.45,22.72
6/10/2016,platanus_x_acerifolia,pa_br,bareroot,advanced,3,187,27.58,26.76
6/10/2016,platanus_x_acerifolia,pa_br,bareroot,advanced,4,190,26.42,25.96
6/10/2016,platanus_x_acerifolia,pa_br,bareroot,advanced,5,178,23.26,23.03
6/10/2016,platanus_x_acerifolia,pa_br,bareroot,advanced,6,175,26.17,28.23
6/10/2016,platanus_x_acerifolia,pa_br,bareroot,advanced,7,195,28.76,29.29
6/10/2016,platanus_x_acerifolia,pa_br,bareroot,advanced,8,175,24.28,24.81
6/10/2016,platanus_x_acerifolia,pa_br,bareroot,advanced,9,182,29.22,27.76
6/10/2016,platanus_x_acerifolia,pa_br,bareroot,advanced,10,183.5,26.43,27.41
6/10/2016,acer_rubrum_octoberglory,aro_br,bareroot,regular,1,102,16.55,16.18
6/10/2016,acer_rubrum_octoberglory,aro_br,bareroot,regular,2,101,14.25,14.57
6/10/2016,acer_rubrum_octoberglory,aro_br,bareroot,regular,3,105.5,15.84,15.16
6/10/2016,acer_rubrum_octoberglory,aro_br,bareroot,regular,4,102.5,13.97,14.62
6/10/2016,acer_rubrum_octoberglory,aro_br,bareroot,regular,5,108,14.25,14.55
6/10/2016,acer_rubrum_octoberglory,aro_br,bareroot,regular,6,106.5,12.87,12.47
6/10/2016,acer_rubrum_octoberglory,aro_br,bareroot,regular,7,106,15.75,15.69
6/10/2016,acer_rubrum_octoberglory,aro_br,bareroot,regular,8,102,13.13,13.2
6/10/2016,acer_rubrum_octoberglory,aro_br,bareroot,regular,9,130,13.24,13.45
6/10/2016,acer_rubrum_octoberglory,aro_br,bareroot,regular,10,122.5,14.5,14.38
6/10/2016,acer_rubrum_octoberglory,aro_br,bareroot,advanced,1,132,22.1,21.91
6/10/2016,acer_rubrum_octoberglory,aro_br,bareroot,advanced,2,156,24.19,24.7
6/10/2016,acer_rubrum_octoberglory,aro_br,bareroot,advanced,3,126,21.53,21.03
6/10/2016,acer_rubrum_octoberglory,aro_br,bareroot,advanced,4,151,21.61,21.99
6/10/2016,acer_rubrum_octoberglory,aro_br,bareroot,advanced,5,150,20.53,21.6
6/10/2016,acer_rubrum_octoberglory,aro_br,bareroot,advanced,6,150,20.79,21.99
6/10/2016,acer_rubrum_octoberglory,aro_br,bareroot,advanced,7,155,22.95,22.79
6/10/2016,acer_rubrum_octoberglory,aro_br,bareroot,advanced,8,152,20.36,21.91
6/10/2016,acer_rubrum_octoberglory,aro_br,bareroot,advanced,9,127.5,18.97,20.83
6/10/2016,acer_rubrum_octoberglory,aro_br,bareroot,advanced,10,154,19.37,18.9
6/10/2016,pyrus_calleryana_capital,pcca_br,bareroot,regular,1,104.5,12.4,13.56
6/10/2016,pyrus_calleryana_capital,pcca_br,bareroot,regular,2,108,10.1,10.03
6/10/2016,pyrus_calleryana_capital,pcca_br,bareroot,regular,3,106,9.06,9.09
6/10/2016,pyrus_calleryana_capital,pcca_br,bareroot,regular,4,111,11.07,13.58
6/10/2016,pyrus_calleryana_capital,pcca_br,bareroot,regular,5,108,9.82,10.75
6/10/2016,pyrus_calleryana_capital,pcca_br,bareroot,regular,6,105,12.38,12.45
6/10/2016,pyrus_calleryana_capital,pcca_br,bareroot,regular,7,100,8.85,9.57
6/10/2016,pyrus_calleryana_capital,pcca_br,bareroot,regular,8,108,11.16,10.92
6/10/2016,pyrus_calleryana_capital,pcca_br,bareroot,regular,9,111,10.66,10.97
6/10/2016,pyrus_calleryana_capital,pcca_br,bareroot,regular,10,114,10.47,10.27
6/10/2016,pyrus_calleryana_capital,pcca_br,bareroot,advanced,1,160,16.8,17.96
6/10/2016,pyrus_calleryana_capital,pcca_br,bareroot,advanced,2,136,14.73,15.72
6/10/2016,pyrus_calleryana_capital,pcca_br,bareroot,advanced,3,136,14.47,15.01
6/10/2016,pyrus_calleryana_capital,pcca_br,bareroot,advanced,4,127,15.94,17.71
6/10/2016,pyrus_calleryana_capital,pcca_br,bareroot,advanced,5,133,17.19,16.79
6/10/2016,pyrus_calleryana_capital,pcca_br,bareroot,advanced,6,116,14.91,15.7
6/10/2016,pyrus_calleryana_capital,pcca_br,bareroot,advanced,7,131,15.09,144.44
6/10/2016,pyrus_calleryana_capital,pcca_br,bareroot,advanced,8,128,15.81,16.41
6/10/2016,pyrus_calleryana_capital,pcca_br,bareroot,advanced,9,131,16.71,17.85
6/10/2016,pyrus_calleryana_capital,pcca_br,bareroot,advanced,10,119,16.31,15.83
6/10/2016,pyrus_calleryana_chanticleer,pcc_br,bareroot,regular,1,101,13.81,14.63
6/10/2016,pyrus_calleryana_chanticleer,pcc_br,bareroot,regular,2,112,12.52,13.59
6/10/2016,pyrus_calleryana_chanticleer,pcc_br,bareroot,regular,3,102,14.12,14.27
6/10/2016,pyrus_calleryana_chanticleer,pcc_br,bareroot,regular,4,104,16.14,16.68
6/10/2016,pyrus_calleryana_chanticleer,pcc_br,bareroot,regular,5,103.5,17.6,16.89
6/10/2016,pyrus_calleryana_chanticleer,pcc_br,bareroot,regular,6,110,13.04,13.22
6/10/2016,pyrus_calleryana_chanticleer,pcc_br,bareroot,regular,7,101,11.42,11.22
6/10/2016,pyrus_calleryana_chanticleer,pcc_br,bareroot,regular,8,108,14.39,13.33
6/10/2016,pyrus_calleryana_chanticleer,pcc_br,bareroot,regular,9,106.5,13.11,13.26
6/10/2016,pyrus_calleryana_chanticleer,pcc_br,bareroot,regular,10,102.5,14,14.72
6/10/2016,pyrus_calleryana_chanticleer,pcc_br,bareroot,advanced,1,132,17.44,17.13
6/10/2016,pyrus_calleryana_chanticleer,pcc_br,bareroot,advanced,2,133,18.11,17.56
6/10/2016,pyrus_calleryana_chanticleer,pcc_br,bareroot,advanced,3,131,14.06,15.36
6/10/2016,pyrus_calleryana_chanticleer,pcc_br,bareroot,advanced,4,132,16.3,13.66
6/10/2016,pyrus_calleryana_chanticleer,pcc_br,bareroot,advanced,5,127,15.47,14.85
6/10/2016,pyrus_calleryana_chanticleer,pcc_br,bareroot,advanced,6,126,16.05,16.38
6/10/2016,pyrus_calleryana_chanticleer,pcc_br,bareroot,advanced,7,132.5,18.6,19.25
6/10/2016,pyrus_calleryana_chanticleer,pcc_br,bareroot,advanced,8,134.5,16.05,16.14
6/10/2016,pyrus_calleryana_chanticleer,pcc_br,bareroot,advanced,9,127,16.84,14.49
6/10/2016,pyrus_calleryana_chanticleer,pcc_br,bareroot,advanced,10,129,13.8,15.94
6/10/2016,acer_rubrum_bowhall,arb_br,bareroot,regular,1,121,15.5,15.66
6/10/2016,acer_rubrum_bowhall,arb_br,bareroot,regular,2,123,15.64,17.03
6/10/2016,acer_rubrum_bowhall,arb_br,bareroot,regular,3,110,15.16,14.21
6/10/2016,acer_rubrum_bowhall,arb_br,bareroot,regular,4,121,14.13,14.06
6/10/2016,acer_rubrum_bowhall,arb_br,bareroot,regular,5,109,15.75,15.79
6/10/2016,acer_rubrum_bowhall,arb_br,bareroot,regular,6,117,14.63,14.5
6/10/2016,acer_rubrum_bowhall,arb_br,bareroot,regular,7,131,16.16,16.11
6/10/2016,acer_rubrum_bowhall,arb_br,bareroot,regular,8,115.5,13.72,13.85
6/10/2016,acer_rubrum_bowhall,arb_br,bareroot,regular,9,130,13.34,13.96
6/10/2016,acer_rubrum_bowhall,arb_br,bareroot,regular,10,125.5,15.65,15.71
6/10/2016,acer_rubrum_bowhall,arb_br,bareroot,advanced,1,128.5,16.57,15.67
6/10/2016,acer_rubrum_bowhall,arb_br,bareroot,advanced,2,157.5,20.66,21.19
6/10/2016,acer_rubrum_bowhall,arb_br,bareroot,advanced,3,131.5,17.07,16.38
6/10/2016,acer_rubrum_bowhall,arb_br,bareroot,advanced,4,156.5,17.6,18.02
6/10/2016,acer_rubrum_bowhall,arb_br,bareroot,advanced,5,132.5,16.55,16.67
6/10/2016,acer_rubrum_bowhall,arb_br,bareroot,advanced,6,160,18.22,18.52
6/10/2016,acer_rubrum_bowhall,arb_br,bareroot,advanced,7,134,15.9,16.24
6/10/2016,acer_rubrum_bowhall,arb_br,bareroot,advanced,8,130,16.95,17.93
6/10/2016,acer_rubrum_bowhall,arb_br,bareroot,advanced,9,156,17.96,19.06
6/10/2016,acer_rubrum_bowhall,arb_br,bareroot,advanced,10,132.5,17.85,18.05
6/10/2016,fraxinus_pennsylvanica_cimmaron,fpc_br,bareroot,regular,1,125,12.17,12.18
6/10/2016,fraxinus_pennsylvanica_cimmaron,fpc_br,bareroot,regular,2,130,12.46,13.43
6/10/2016,fraxinus_pennsylvanica_cimmaron,fpc_br,bareroot,regular,3,130.5,13.72,14.12
6/10/2016,fraxinus_pennsylvanica_cimmaron,fpc_br,bareroot,regular,4,127,12.66,12.64
6/10/2016,fraxinus_pennsylvanica_cimmaron,fpc_br,bareroot,regular,5,132,15.89,14.11
6/10/2016,fraxinus_pennsylvanica_cimmaron,fpc_br,bareroot,regular,6,126,15.52,15.9
6/10/2016,fraxinus_pennsylvanica_cimmaron,fpc_br,bareroot,regular,7,129,12.85,11.92
6/10/2016,fraxinus_pennsylvanica_cimmaron,fpc_br,bareroot,regular,8,123.5,13.3,13.64
6/10/2016,fraxinus_pennsylvanica_cimmaron,fpc_br,bareroot,regular,9,134,14.57,13.36
6/10/2016,fraxinus_pennsylvanica_cimmaron,fpc_br,bareroot,regular,10,131,11.83,12.06
6/10/2016,fraxinus_pennsylvanica_cimmaron,fpc_br,bareroot,advanced,1,163,18.7,21.52
6/10/2016,fraxinus_pennsylvanica_cimmaron,fpc_br,bareroot,advanced,2,174,19.98,20.5
6/10/2016,fraxinus_pennsylvanica_cimmaron,fpc_br,bareroot,advanced,3,156,16.47,16.7
6/10/2016,fraxinus_pennsylvanica_cimmaron,fpc_br,bareroot,advanced,4,164,17.66,16.94
6/10/2016,fraxinus_pennsylvanica_cimmaron,fpc_br,bareroot,advanced,5,170,20.55,21.39
6/10/2016,fraxinus_pennsylvanica_cimmaron,fpc_br,bareroot,advanced,6,155,17.92,17.91
6/10/2016,fraxinus_pennsylvanica_cimmaron,fpc_br,bareroot,advanced,7,165,14.91,16.77
6/10/2016,fraxinus_pennsylvanica_cimmaron,fpc_br,bareroot,advanced,8,153,15.83,15.74
6/10/2016,fraxinus_pennsylvanica_cimmaron,fpc_br,bareroot,advanced,9,168,19,19.61
6/10/2016,fraxinus_pennsylvanica_cimmaron,fpc_br,bareroot,advanced,10,155,17.41,18.01
6/10/2016,platanus_x_acerifolia_liberty,pal_br,bareroot,regular,1,147,13.8,13.89
6/10/2016,platanus_x_acerifolia_liberty,pal_br,bareroot,regular,2,149,17.06,17.4
6/10/2016,platanus_x_acerifolia_liberty,pal_br,bareroot,regular,3,144,15.3,14.6
6/10/2016,platanus_x_acerifolia_liberty,pal_br,bareroot,regular,4,155.5,14.89,14.3
6/10/2016,platanus_x_acerifolia_liberty,pal_br,bareroot,regular,5,156,16.71,17.32
6/10/2016,platanus_x_acerifolia_liberty,pal_br,bareroot,regular,6,157,13.38,14
6/10/2016,platanus_x_acerifolia_liberty,pal_br,bareroot,regular,7,146,14.24,14.51
6/10/2016,platanus_x_acerifolia_liberty,pal_br,bareroot,regular,8,159,16.49,16.09
6/10/2016,platanus_x_acerifolia_liberty,pal_br,bareroot,regular,9,150,12.74,12.79
6/10/2016,platanus_x_acerifolia_liberty,pal_br,bareroot,regular,10,151,15.68,15.65
6/10/2016,platanus_x_acerifolia_liberty,pal_br,bareroot,advanced,1,190,21.7,21.82
6/10/2016,platanus_x_acerifolia_liberty,pal_br,bareroot,advanced,2,182,20.76,20.35
6/10/2016,platanus_x_acerifolia_liberty,pal_br,bareroot,advanced,3,182,22.79,23.39
6/10/2016,platanus_x_acerifolia_liberty,pal_br,bareroot,advanced,4,185,21.72,21.83
6/10/2016,platanus_x_acerifolia_liberty,pal_br,bareroot,advanced,5,178,21.81,21.45
6/10/2016,platanus_x_acerifolia_liberty,pal_br,bareroot,advanced,6,189,21.02,21.65
6/10/2016,platanus_x_acerifolia_liberty,pal_br,bareroot,advanced,7,179,18.97,19.08
6/10/2016,platanus_x_acerifolia_liberty,pal_br,bareroot,advanced,8,192,20.75,20.35
6/10/2016,platanus_x_acerifolia_liberty,pal_br,bareroot,advanced,9,187,22.11,21.3
6/10/2016,platanus_x_acerifolia_liberty,pal_br,bareroot,advanced,10,186,21.15,21.06
2/11/2016,fraxinus_pennsylvanica_urbanite,fpu_br,bareroot,regular,1,129.5,11.87,11.82
2/11/2016,fraxinus_pennsylvanica_urbanite,fpu_br,bareroot,regular,2,147,13.85,13.53
2/11/2016,fraxinus_pennsylvanica_urbanite,fpu_br,bareroot,regular,3,119.5,10.97,10.69
2/11/2016,fraxinus_pennsylvanica_urbanite,fpu_br,bareroot,regular,4,118,11.69,11.34
2/11/2016,fraxinus_pennsylvanica_urbanite,fpu_br,bareroot,regular,5,128,13.43,13.79
2/11/2016,fraxinus_pennsylvanica_urbanite,fpu_br,bareroot,regular,6,137,14.44,15.14
2/11/2016,fraxinus_pennsylvanica_urbanite,fpu_br,bareroot,regular,7,109,14.2,14.44
2/11/2016,fraxinus_pennsylvanica_urbanite,fpu_br,bareroot,regular,8,127,14.34,13.74
2/11/2016,fraxinus_pennsylvanica_urbanite,fpu_br,bareroot,regular,9,132,12.33,12.55
2/11/2016,fraxinus_pennsylvanica_urbanite,fpu_br,bareroot,regular,10,145,14.39,15.03
2/11/2016,fraxinus_pennsylvanica_urbanite,fpu_br,bareroot,advanced,1,195,20.59,20.4
2/11/2016,fraxinus_pennsylvanica_urbanite,fpu_br,bareroot,advanced,2,201,19.46,20.07
2/11/2016,fraxinus_pennsylvanica_urbanite,fpu_br,bareroot,advanced,3,186,20.44,20.37
2/11/2016,fraxinus_pennsylvanica_urbanite,fpu_br,bareroot,advanced,4,206,19.74,21.71
2/11/2016,fraxinus_pennsylvanica_urbanite,fpu_br,bareroot,advanced,5,188,19.69,21.43
2/11/2016,fraxinus_pennsylvanica_urbanite,fpu_br,bareroot,advanced,6,186,20.01,19.64
2/11/2016,fraxinus_pennsylvanica_urbanite,fpu_br,bareroot,advanced,7,198,20.82,20.92
2/11/2016,fraxinus_pennsylvanica_urbanite,fpu_br,bareroot,advanced,8,203,19.64,18.94
2/11/2016,fraxinus_pennsylvanica_urbanite,fpu_br,bareroot,advanced,9,185,22.03,21.37
2/11/2016,fraxinus_pennsylvanica_urbanite,fpu_br,bareroot,advanced,10,171,20.26,23.44
2/11/2016,platanus_x_acerifolia,pa_br,bareroot,regular,1,126,17.61,17.16
2/11/2016,platanus_x_acerifolia,pa_br,bareroot,regular,2,171,17.47,18.5
2/11/2016,platanus_x_acerifolia,pa_br,bareroot,regular,3,156,18.71,18
2/11/2016,platanus_x_acerifolia,pa_br,bareroot,regular,4,167,20.07,20.13
2/11/2016,platanus_x_acerifolia,pa_br,bareroot,regular,5,162,21.05,21.01
2/11/2016,platanus_x_acerifolia,pa_br,bareroot,regular,6,151,17.88,18.09
2/11/2016,platanus_x_acerifolia,pa_br,bareroot,regular,7,159,16.24,17.81
2/11/2016,platanus_x_acerifolia,pa_br,bareroot,regular,8,151,17.11,16.59
2/11/2016,platanus_x_acerifolia,pa_br,bareroot,regular,9,156,16.03,16.34
2/11/2016,platanus_x_acerifolia,pa_br,bareroot,regular,10,154,15.85,16.53
2/11/2016,platanus_x_acerifolia,pa_br,bareroot,advanced,1,196,27.26,28.33
2/11/2016,platanus_x_acerifolia,pa_br,bareroot,advanced,2,169,22.79,23.17
2/11/2016,platanus_x_acerifolia,pa_br,bareroot,advanced,3,204,28.4,27.48
2/11/2016,platanus_x_acerifolia,pa_br,bareroot,advanced,4,212,27.35,26.75
2/11/2016,platanus_x_acerifolia,pa_br,bareroot,advanced,5,195,24.15,24.05
2/11/2016,platanus_x_acerifolia,pa_br,bareroot,advanced,6,189,26.73,29.52
2/11/2016,platanus_x_acerifolia,pa_br,bareroot,advanced,7,198,29.04,30.06
2/11/2016,platanus_x_acerifolia,pa_br,bareroot,advanced,8,184,24.89,25.55
2/11/2016,platanus_x_acerifolia,pa_br,bareroot,advanced,9,193,30.1,28.9
2/11/2016,platanus_x_acerifolia,pa_br,bareroot,advanced,10,207,27.14,28.3
2/11/2016,acer_rubrum_octoberglory,aro_br,bareroot,regular,1,111,16.4,16.29
2/11/2016,acer_rubrum_octoberglory,aro_br,bareroot,regular,2,116.5,14.47,14.75
2/11/2016,acer_rubrum_octoberglory,aro_br,bareroot,regular,3,116.5,15.8,15.47
2/11/2016,acer_rubrum_octoberglory,aro_br,bareroot,regular,4,113,14.04,14.3
2/11/2016,acer_rubrum_octoberglory,aro_br,bareroot,regular,5,120.5,14.5,14.62
2/11/2016,acer_rubrum_octoberglory,aro_br,bareroot,regular,6,105,13,12.85
2/11/2016,acer_rubrum_octoberglory,aro_br,bareroot,regular,7,126,16.12,16.01
2/11/2016,acer_rubrum_octoberglory,aro_br,bareroot,regular,8,106,13.4,13.35
2/11/2016,acer_rubrum_octoberglory,aro_br,bareroot,regular,9,142,13.32,13.42
2/11/2016,acer_rubrum_octoberglory,aro_br,bareroot,regular,10,137,14.68,14.14
2/11/2016,acer_rubrum_octoberglory,aro_br,bareroot,advanced,1,139,22.03,22.32
2/11/2016,acer_rubrum_octoberglory,aro_br,bareroot,advanced,2,170,24.13,25.14
2/11/2016,acer_rubrum_octoberglory,aro_br,bareroot,advanced,3,137,22.16,20.7
2/11/2016,acer_rubrum_octoberglory,aro_br,bareroot,advanced,4,165,22.21,22.33
2/11/2016,acer_rubrum_octoberglory,aro_br,bareroot,advanced,5,165,20.8,21.67
2/11/2016,acer_rubrum_octoberglory,aro_br,bareroot,advanced,6,163,20.86,21.26
2/11/2016,acer_rubrum_octoberglory,aro_br,bareroot,advanced,7,171,23.02,22.85
2/11/2016,acer_rubrum_octoberglory,aro_br,bareroot,advanced,8,159,20.6,22.08
2/11/2016,acer_rubrum_octoberglory,aro_br,bareroot,advanced,9,122.5,19.26,20.21
2/11/2016,acer_rubrum_octoberglory,aro_br,bareroot,advanced,10,164,19.4,18.72
2/11/2016,pyrus_calleryana_capital,pcca_br,bareroot,regular,1,115,12.31,12.94
2/11/2016,pyrus_calleryana_capital,pcca_br,bareroot,regular,2,121,10.97,10.86
2/11/2016,pyrus_calleryana_capital,pcca_br,bareroot,regular,3,117,10.42,10.28
2/11/2016,pyrus_calleryana_capital,pcca_br,bareroot,regular,4,121.5,11.9,14.51
2/11/2016,pyrus_calleryana_capital,pcca_br,bareroot,regular,5,131,10.8,11.29
2/11/2016,pyrus_calleryana_capital,pcca_br,bareroot,regular,6,131,13.54,13.24
2/11/2016,pyrus_calleryana_capital,pcca_br,bareroot,regular,7,125,9.85,10.44
2/11/2016,pyrus_calleryana_capital,pcca_br,bareroot,regular,8,126,11.75,11.67
2/11/2016,pyrus_calleryana_capital,pcca_br,bareroot,regular,9,129,11.34,11.36
2/11/2016,pyrus_calleryana_capital,pcca_br,bareroot,regular,10,129,11,11.55
2/11/2016,pyrus_calleryana_capital,pcca_br,bareroot,advanced,1,181,17.24,18
2/11/2016,pyrus_calleryana_capital,pcca_br,bareroot,advanced,2,164,15.31,16.08
2/11/2016,pyrus_calleryana_capital,pcca_br,bareroot,advanced,3,156,15.28,15.68
2/11/2016,pyrus_calleryana_capital,pcca_br,bareroot,advanced,4,145,16.84,18.14
2/11/2016,pyrus_calleryana_capital,pcca_br,bareroot,advanced,5,132,17.39,16.35
2/11/2016,pyrus_calleryana_capital,pcca_br,bareroot,advanced,6,137,16.03,16.72
2/11/2016,pyrus_calleryana_capital,pcca_br,bareroot,advanced,7,126.5,15.66,14.89
2/11/2016,pyrus_calleryana_capital,pcca_br,bareroot,advanced,8,152,16.45,17.47
2/11/2016,pyrus_calleryana_capital,pcca_br,bareroot,advanced,9,156,17.47,18.65
2/11/2016,pyrus_calleryana_capital,pcca_br,bareroot,advanced,10,140,16.66,16.02
2/11/2016,pyrus_calleryana_chanticleer,pcc_br,bareroot,regular,1,122,15.15,16.67
2/11/2016,pyrus_calleryana_chanticleer,pcc_br,bareroot,regular,2,133,13.93,15.04
2/11/2016,pyrus_calleryana_chanticleer,pcc_br,bareroot,regular,3,126,14.91,15.74
2/11/2016,pyrus_calleryana_chanticleer,pcc_br,bareroot,regular,4,122,17.12,18.05
2/11/2016,pyrus_calleryana_chanticleer,pcc_br,bareroot,regular,5,125,18.93,18.27
2/11/2016,pyrus_calleryana_chanticleer,pcc_br,bareroot,regular,6,119,14.77,14.85
2/11/2016,pyrus_calleryana_chanticleer,pcc_br,bareroot,regular,7,122,13.57,12.5
2/11/2016,pyrus_calleryana_chanticleer,pcc_br,bareroot,regular,8,131,15.2,14.8
2/11/2016,pyrus_calleryana_chanticleer,pcc_br,bareroot,regular,9,119,13.85,14.59
2/11/2016,pyrus_calleryana_chanticleer,pcc_br,bareroot,regular,10,127,15.7,15.38
2/11/2016,pyrus_calleryana_chanticleer,pcc_br,bareroot,advanced,1,151,19.49,18.46
2/11/2016,pyrus_calleryana_chanticleer,pcc_br,bareroot,advanced,2,150,19.44,18.82
2/11/2016,pyrus_calleryana_chanticleer,pcc_br,bareroot,advanced,3,137,15.41,16.91
2/11/2016,pyrus_calleryana_chanticleer,pcc_br,bareroot,advanced,4,148,18.01,14.98
2/11/2016,pyrus_calleryana_chanticleer,pcc_br,bareroot,advanced,5,149,17.2,16.2
2/11/2016,pyrus_calleryana_chanticleer,pcc_br,bareroot,advanced,6,148,17.3,17.51
2/11/2016,pyrus_calleryana_chanticleer,pcc_br,bareroot,advanced,7,148,19.2,19.61
2/11/2016,pyrus_calleryana_chanticleer,pcc_br,bareroot,advanced,8,159,17.35,17.55
2/11/2016,pyrus_calleryana_chanticleer,pcc_br,bareroot,advanced,9,149,18.19,16.08
2/11/2016,pyrus_calleryana_chanticleer,pcc_br,bareroot,advanced,10,149,14.6,16.7
2/11/2016,acer_rubrum_bowhall,arb_br,bareroot,regular,1,129,15.54,15.42
2/11/2016,acer_rubrum_bowhall,arb_br,bareroot,regular,2,125,15.77,16.84
2/11/2016,acer_rubrum_bowhall,arb_br,bareroot,regular,3,120,15.42,14.1
2/11/2016,acer_rubrum_bowhall,arb_br,bareroot,regular,4,125,14.3,14.48
2/11/2016,acer_rubrum_bowhall,arb_br,bareroot,regular,5,114,15.68,16.08
2/11/2016,acer_rubrum_bowhall,arb_br,bareroot,regular,6,126,14.69,14.3
2/11/2016,acer_rubrum_bowhall,arb_br,bareroot,regular,7,138,16.15,16.16
2/11/2016,acer_rubrum_bowhall,arb_br,bareroot,regular,8,128,13.68,14.24
2/11/2016,acer_rubrum_bowhall,arb_br,bareroot,regular,9,138,13.28,13.66
2/11/2016,acer_rubrum_bowhall,arb_br,bareroot,regular,10,127,15.53,15.38
2/11/2016,acer_rubrum_bowhall,arb_br,bareroot,advanced,1,142,16.63,16.11
2/11/2016,acer_rubrum_bowhall,arb_br,bareroot,advanced,2,166,20.67,20.91
2/11/2016,acer_rubrum_bowhall,arb_br,bareroot,advanced,3,142,16.8,16.6
2/11/2016,acer_rubrum_bowhall,arb_br,bareroot,advanced,4,161,17.67,18.13
2/11/2016,acer_rubrum_bowhall,arb_br,bareroot,advanced,5,136,16.66,16.32
2/11/2016,acer_rubrum_bowhall,arb_br,bareroot,advanced,6,167,18.26,18.69
2/11/2016,acer_rubrum_bowhall,arb_br,bareroot,advanced,7,143,15.92,16.33
2/11/2016,acer_rubrum_bowhall,arb_br,bareroot,advanced,8,137,17.22,17.4
2/11/2016,acer_rubrum_bowhall,arb_br,bareroot,advanced,9,152,18.2,18.42
2/11/2016,acer_rubrum_bowhall,arb_br,bareroot,advanced,10,142,17.87,17.89
2/11/2016,fraxinus_pennsylvanica_cimmaron,fpc_br,bareroot,regular,1,123,12.8,12.71
2/11/2016,fraxinus_pennsylvanica_cimmaron,fpc_br,bareroot,regular,2,133,13.47,14.23
2/11/2016,fraxinus_pennsylvanica_cimmaron,fpc_br,bareroot,regular,3,146,14.6,15.09
2/11/2016,fraxinus_pennsylvanica_cimmaron,fpc_br,bareroot,regular,4,127,13.33,13.2
2/11/2016,fraxinus_pennsylvanica_cimmaron,fpc_br,bareroot,regular,5,140,16.96,15.15
2/11/2016,fraxinus_pennsylvanica_cimmaron,fpc_br,bareroot,regular,6,141,16.22,16.38
2/11/2016,fraxinus_pennsylvanica_cimmaron,fpc_br,bareroot,regular,7,117.5,13.94,12.97
2/11/2016,fraxinus_pennsylvanica_cimmaron,fpc_br,bareroot,regular,8,124,13.96,13.86
2/11/2016,fraxinus_pennsylvanica_cimmaron,fpc_br,bareroot,regular,9,122.5,15.37,14.35
2/11/2016,fraxinus_pennsylvanica_cimmaron,fpc_br,bareroot,regular,10,118,12.28,12.38
2/11/2016,fraxinus_pennsylvanica_cimmaron,fpc_br,bareroot,advanced,1,180,19.73,23.14
2/11/2016,fraxinus_pennsylvanica_cimmaron,fpc_br,bareroot,advanced,2,183,21.48,21.98
2/11/2016,fraxinus_pennsylvanica_cimmaron,fpc_br,bareroot,advanced,3,181,17.25,17.6
2/11/2016,fraxinus_pennsylvanica_cimmaron,fpc_br,bareroot,advanced,4,176,18.77,17.55
2/11/2016,fraxinus_pennsylvanica_cimmaron,fpc_br,bareroot,advanced,5,172,22.1,23.1
2/11/2016,fraxinus_pennsylvanica_cimmaron,fpc_br,bareroot,advanced,6,184,19.15,19.25
2/11/2016,fraxinus_pennsylvanica_cimmaron,fpc_br,bareroot,advanced,7,174,16.29,17.62
2/11/2016,fraxinus_pennsylvanica_cimmaron,fpc_br,bareroot,advanced,8,183,16.82,16.82
2/11/2016,fraxinus_pennsylvanica_cimmaron,fpc_br,bareroot,advanced,9,182,19.52,20.07
2/11/2016,fraxinus_pennsylvanica_cimmaron,fpc_br,bareroot,advanced,10,169,19.2,19.18
2/11/2016,platanus_x_acerifolia_liberty,pal_br,bareroot,regular,1,148,14.15,14.71
2/11/2016,platanus_x_acerifolia_liberty,pal_br,bareroot,regular,2,151,18.12,17.91
2/11/2016,platanus_x_acerifolia_liberty,pal_br,bareroot,regular,3,144,15.67,14.98
2/11/2016,platanus_x_acerifolia_liberty,pal_br,bareroot,regular,4,162,14.96,14.59
2/11/2016,platanus_x_acerifolia_liberty,pal_br,bareroot,regular,5,140,16.8,17.6
2/11/2016,platanus_x_acerifolia_liberty,pal_br,bareroot,regular,6,165,13.62,14.01
2/11/2016,platanus_x_acerifolia_liberty,pal_br,bareroot,regular,7,148,14.46,15.1
2/11/2016,platanus_x_acerifolia_liberty,pal_br,bareroot,regular,8,168,16.61,16.22
2/11/2016,platanus_x_acerifolia_liberty,pal_br,bareroot,regular,9,147,12.98,13.04
2/11/2016,platanus_x_acerifolia_liberty,pal_br,bareroot,regular,10,157,16.16,16.01
2/11/2016,platanus_x_acerifolia_liberty,pal_br,bareroot,advanced,1,194,21.69,21.9
2/11/2016,platanus_x_acerifolia_liberty,pal_br,bareroot,advanced,2,170,21.01,20.66
2/11/2016,platanus_x_acerifolia_liberty,pal_br,bareroot,advanced,3,190,23.01,24.28
2/11/2016,platanus_x_acerifolia_liberty,pal_br,bareroot,advanced,4,185,22.42,22.16
2/11/2016,platanus_x_acerifolia_liberty,pal_br,bareroot,advanced,5,174,21.73,21.61
2/11/2016,platanus_x_acerifolia_liberty,pal_br,bareroot,advanced,6,173,21.5,22.91
2/11/2016,platanus_x_acerifolia_liberty,pal_br,bareroot,advanced,7,174,19.34,9.17
2/11/2016,platanus_x_acerifolia_liberty,pal_br,bareroot,advanced,8,190,20.93,20.96
2/11/2016,platanus_x_acerifolia_liberty,pal_br,bareroot,advanced,9,198,22.42,21.58
2/11/2016,platanus_x_acerifolia_liberty,pal_br,bareroot,advanced,10,192,21.48,21.15
2/12/2016,fraxinus_pennsylvanica_urbanite,fpu_br,bareroot,regular,1,133,13.14,13.33
2/12/2016,fraxinus_pennsylvanica_urbanite,fpu_br,bareroot,regular,2,153,15.07,14.57
2/12/2016,fraxinus_pennsylvanica_urbanite,fpu_br,bareroot,regular,3,123,12.41,12.06
2/12/2016,fraxinus_pennsylvanica_urbanite,fpu_br,bareroot,regular,4,133,12.99,13.08
2/12/2016,fraxinus_pennsylvanica_urbanite,fpu_br,bareroot,regular,5,138,15.48,14.85
2/12/2016,fraxinus_pennsylvanica_urbanite,fpu_br,bareroot,regular,6,150,15.99,16.04
2/12/2016,fraxinus_pennsylvanica_urbanite,fpu_br,bareroot,regular,7,111,14.56,15.39
2/12/2016,fraxinus_pennsylvanica_urbanite,fpu_br,bareroot,regular,8,132,14.94,14.76
2/12/2016,fraxinus_pennsylvanica_urbanite,fpu_br,bareroot,regular,9,144,13.43,13.34
2/12/2016,fraxinus_pennsylvanica_urbanite,fpu_br,bareroot,regular,10,152,16.67,17
2/12/2016,fraxinus_pennsylvanica_urbanite,fpu_br,bareroot,advanced,1,205,21.01,20.84
2/12/2016,fraxinus_pennsylvanica_urbanite,fpu_br,bareroot,advanced,2,221,20.93,20.92
2/12/2016,fraxinus_pennsylvanica_urbanite,fpu_br,bareroot,advanced,3,193,21.05,21.04
2/12/2016,fraxinus_pennsylvanica_urbanite,fpu_br,bareroot,advanced,4,227,20.97,23.49
2/12/2016,fraxinus_pennsylvanica_urbanite,fpu_br,bareroot,advanced,5,198,20.07,21.59
2/12/2016,fraxinus_pennsylvanica_urbanite,fpu_br,bareroot,advanced,6,194,20.28,19.9
2/12/2016,fraxinus_pennsylvanica_urbanite,fpu_br,bareroot,advanced,7,208,21.29,21.43
2/12/2016,fraxinus_pennsylvanica_urbanite,fpu_br,bareroot,advanced,8,215,20.33,19.73
2/12/2016,fraxinus_pennsylvanica_urbanite,fpu_br,bareroot,advanced,9,213,22.52,22.26
2/12/2016,fraxinus_pennsylvanica_urbanite,fpu_br,bareroot,advanced,10,175,20.54,24.32
2/12/2016,platanus_x_acerifolia,pa_br,bareroot,regular,1,169,21.88,21.8
2/12/2016,platanus_x_acerifolia,pa_br,bareroot,regular,2,210,20.86,22.9
2/12/2016,platanus_x_acerifolia,pa_br,bareroot,regular,3,168,22.89,21.98
2/12/2016,platanus_x_acerifolia,pa_br,bareroot,regular,4,204,24.34,24.08
2/12/2016,platanus_x_acerifolia,pa_br,bareroot,regular,5,203,25.05,26.39
2/12/2016,platanus_x_acerifolia,pa_br,bareroot,regular,6,191,22.46,22.36
2/12/2016,platanus_x_acerifolia,pa_br,bareroot,regular,7,200,20.47,22.66
2/12/2016,platanus_x_acerifolia,pa_br,bareroot,regular,8,184,20.47,20.41
2/12/2016,platanus_x_acerifolia,pa_br,bareroot,regular,9,190,20.01,20.09
2/12/2016,platanus_x_acerifolia,pa_br,bareroot,regular,10,196,19.72,20.72
2/12/2016,platanus_x_acerifolia,pa_br,bareroot,advanced,1,231,30.47,31.85
2/12/2016,platanus_x_acerifolia,pa_br,bareroot,advanced,2,209,25.85,26.32
2/12/2016,platanus_x_acerifolia,pa_br,bareroot,advanced,3,222,30.04,29.7
2/12/2016,platanus_x_acerifolia,pa_br,bareroot,advanced,4,237,29.17,28.69
2/12/2016,platanus_x_acerifolia,pa_br,bareroot,advanced,5,218,26.77,26.92
2/12/2016,platanus_x_acerifolia,pa_br,bareroot,advanced,6,223,30.01,31.49
2/12/2016,platanus_x_acerifolia,pa_br,bareroot,advanced,7,216,30.6,31.59
2/12/2016,platanus_x_acerifolia,pa_br,bareroot,advanced,8,214,27.05,28.03
2/12/2016,platanus_x_acerifolia,pa_br,bareroot,advanced,9,220,31.69,30.33
2/12/2016,platanus_x_acerifolia,pa_br,bareroot,advanced,10,232,29.52,30.87
2/12/2016,acer_rubrum_octoberglory,aro_br,bareroot,regular,1,157,18.34,17.91
2/12/2016,acer_rubrum_octoberglory,aro_br,bareroot,regular,2,165,16.76,16.86
2/12/2016,acer_rubrum_octoberglory,aro_br,bareroot,regular,3,155,18.24,17.18
2/12/2016,acer_rubrum_octoberglory,aro_br,bareroot,regular,4,160,16.57,17.23
2/12/2016,acer_rubrum_octoberglory,aro_br,bareroot,regular,5,168,16.66,16.85
2/12/2016,acer_rubrum_octoberglory,aro_br,bareroot,regular,6,150,15.2,15.35
2/12/2016,acer_rubrum_octoberglory,aro_br,bareroot,regular,7,173,17.83,18.19
2/12/2016,acer_rubrum_octoberglory,aro_br,bareroot,regular,8,143,15.47,15.11
2/12/2016,acer_rubrum_octoberglory,aro_br,bareroot,regular,9,186,15.62,16.08
2/12/2016,acer_rubrum_octoberglory,aro_br,bareroot,regular,10,182,17.37,16.87
2/12/2016,acer_rubrum_octoberglory,aro_br,bareroot,advanced,1,177,24.39,24.77
2/12/2016,acer_rubrum_octoberglory,aro_br,bareroot,advanced,2,221,26.81,27.43
2/12/2016,acer_rubrum_octoberglory,aro_br,bareroot,advanced,3,178,24.29,23.44
2/12/2016,acer_rubrum_octoberglory,aro_br,bareroot,advanced,4,208,24.76,24.92
2/12/2016,acer_rubrum_octoberglory,aro_br,bareroot,advanced,5,215,22.64,24.25
2/12/2016,acer_rubrum_octoberglory,aro_br,bareroot,advanced,6,203,22.42,24.79
2/12/2016,acer_rubrum_octoberglory,aro_br,bareroot,advanced,7,207,24.41,23.73
2/12/2016,acer_rubrum_octoberglory,aro_br,bareroot,advanced,8,194,22.14,24.04
2/12/2016,acer_rubrum_octoberglory,aro_br,bareroot,advanced,9,164,20.98,22.44
2/12/2016,acer_rubrum_octoberglory,aro_br,bareroot,advanced,10,201,21.38,20.97
2/12/2016,pyrus_calleryana_capital,pcca_br,bareroot,regular,1,154,14.01,14.2
2/12/2016,pyrus_calleryana_capital,pcca_br,bareroot,regular,2,152,13.33,13.39
2/12/2016,pyrus_calleryana_capital,pcca_br,bareroot,regular,3,149,12.85,13.22
2/12/2016,pyrus_calleryana_capital,pcca_br,bareroot,regular,4,152,13.72,16.22
2/12/2016,pyrus_calleryana_capital,pcca_br,bareroot,regular,5,156,13.29,13.82
2/12/2016,pyrus_calleryana_capital,pcca_br,bareroot,regular,6,156,15.73,15.8
2/12/2016,pyrus_calleryana_capital,pcca_br,bareroot,regular,7,155,12.97,12.74
2/12/2016,pyrus_calleryana_capital,pcca_br,bareroot,regular,8,163,14.58,14.52
2/12/2016,pyrus_calleryana_capital,pcca_br,bareroot,regular,9,155,13.84,13.78
2/12/2016,pyrus_calleryana_capital,pcca_br,bareroot,regular,10,160,13.25,14.27
2/12/2016,pyrus_calleryana_capital,pcca_br,bareroot,advanced,1,212,18.54,20.05
2/12/2016,pyrus_calleryana_capital,pcca_br,bareroot,advanced,2,198,17.8,17.81
2/12/2016,pyrus_calleryana_capital,pcca_br,bareroot,advanced,3,195,17.38,17.86
2/12/2016,pyrus_calleryana_capital,pcca_br,bareroot,advanced,4,182,18.81,20.66
2/12/2016,pyrus_calleryana_capital,pcca_br,bareroot,advanced,5,162,19.16,19.35
2/12/2016,pyrus_calleryana_capital,pcca_br,bareroot,advanced,6,170,18.92,18.77
2/12/2016,pyrus_calleryana_capital,pcca_br,bareroot,advanced,7,162,16.91,16.27
2/12/2016,pyrus_calleryana_capital,pcca_br,bareroot,advanced,8,188,18.64,19.32
2/12/2016,pyrus_calleryana_capital,pcca_br,bareroot,advanced,9,186,19.59,20.06
2/12/2016,pyrus_calleryana_capital,pcca_br,bareroot,advanced,10,171,18.65,17.48
2/12/2016,pyrus_calleryana_chanticleer,pcc_br,bareroot,regular,1,153,17.3,18.57
2/12/2016,pyrus_calleryana_chanticleer,pcc_br,bareroot,regular,2,166,15.96,17.08
2/12/2016,pyrus_calleryana_chanticleer,pcc_br,bareroot,regular,3,156,18.73,18.53
2/12/2016,pyrus_calleryana_chanticleer,pcc_br,bareroot,regular,4,156,20.03,20.68
2/12/2016,pyrus_calleryana_chanticleer,pcc_br,bareroot,regular,5,154,21.44,20.31
2/12/2016,pyrus_calleryana_chanticleer,pcc_br,bareroot,regular,6,155,17,17.12
2/12/2016,pyrus_calleryana_chanticleer,pcc_br,bareroot,regular,7,152,15.99,14.72
2/12/2016,pyrus_calleryana_chanticleer,pcc_br,bareroot,regular,8,164,18.18,16.93
2/12/2016,pyrus_calleryana_chanticleer,pcc_br,bareroot,regular,9,146,15.77,16.42
2/12/2016,pyrus_calleryana_chanticleer,pcc_br,bareroot,regular,10,157,17.86,18
2/12/2016,pyrus_calleryana_chanticleer,pcc_br,bareroot,advanced,1,191,21.86,21.65
2/12/2016,pyrus_calleryana_chanticleer,pcc_br,bareroot,advanced,2,185,22.22,21.8
2/12/2016,pyrus_calleryana_chanticleer,pcc_br,bareroot,advanced,3,161,18.61,19.61
2/12/2016,pyrus_calleryana_chanticleer,pcc_br,bareroot,advanced,4,187,20.41,17.33
2/12/2016,pyrus_calleryana_chanticleer,pcc_br,bareroot,advanced,5,185,19.7,19.11
2/12/2016,pyrus_calleryana_chanticleer,pcc_br,bareroot,advanced,6,189,19.8,19.84
2/12/2016,pyrus_calleryana_chanticleer,pcc_br,bareroot,advanced,7,182,21.1,22.37
2/12/2016,pyrus_calleryana_chanticleer,pcc_br,bareroot,advanced,8,198,19.65,19.92
2/12/2016,pyrus_calleryana_chanticleer,pcc_br,bareroot,advanced,9,186,21.02,18.9
2/12/2016,pyrus_calleryana_chanticleer,pcc_br,bareroot,advanced,10,186,15.88,18.57
2/12/2016,acer_rubrum_bowhall,arb_br,bareroot,regular,1,153,16.57,16.36
2/12/2016,acer_rubrum_bowhall,arb_br,bareroot,regular,2,138,16.96,18.11
2/12/2016,acer_rubrum_bowhall,arb_br,bareroot,regular,3,157,17.14,15.92
2/12/2016,acer_rubrum_bowhall,arb_br,bareroot,regular,4,168,15.24,15.26
2/12/2016,acer_rubrum_bowhall,arb_br,bareroot,regular,5,124,16.22,16.11
2/12/2016,acer_rubrum_bowhall,arb_br,bareroot,regular,6,144,15.22,14.86
2/12/2016,acer_rubrum_bowhall,arb_br,bareroot,regular,7,157,17.1,17.25
2/12/2016,acer_rubrum_bowhall,arb_br,bareroot,regular,8,165,15.28,15.35
2/12/2016,acer_rubrum_bowhall,arb_br,bareroot,regular,9,173,14.46,15.41
2/12/2016,acer_rubrum_bowhall,arb_br,bareroot,regular,10,145,16.48,16.39
2/12/2016,acer_rubrum_bowhall,arb_br,bareroot,advanced,1,174,18.63,18.15
2/12/2016,acer_rubrum_bowhall,arb_br,bareroot,advanced,2,196,21.88,23.04
2/12/2016,acer_rubrum_bowhall,arb_br,bareroot,advanced,3,166,18.91,18.01
2/12/2016,acer_rubrum_bowhall,arb_br,bareroot,advanced,4,189,18.84,19.32
2/12/2016,acer_rubrum_bowhall,arb_br,bareroot,advanced,5,170,18.24,18.57
2/12/2016,acer_rubrum_bowhall,arb_br,bareroot,advanced,6,199,19.33,19.94
2/12/2016,acer_rubrum_bowhall,arb_br,bareroot,advanced,7,163,16.62,17.21
2/12/2016,acer_rubrum_bowhall,arb_br,bareroot,advanced,8,175,18.54,19.51
2/12/2016,acer_rubrum_bowhall,arb_br,bareroot,advanced,9,176,19.25,20.49
2/12/2016,acer_rubrum_bowhall,arb_br,bareroot,advanced,10,170,18.64,18.67
2/12/2016,fraxinus_pennsylvanica_cimmaron,fpc_br,bareroot,regular,1,134,14.69,15.08
2/12/2016,fraxinus_pennsylvanica_cimmaron,fpc_br,bareroot,regular,2,145,16.25,17.02
2/12/2016,fraxinus_pennsylvanica_cimmaron,fpc_br,bareroot,regular,3,160,18.94,17.83
2/12/2016,fraxinus_pennsylvanica_cimmaron,fpc_br,bareroot,regular,4,132,16.05,16.05
2/12/2016,fraxinus_pennsylvanica_cimmaron,fpc_br,bareroot,regular,5,161,20.75,18.38
2/12/2016,fraxinus_pennsylvanica_cimmaron,fpc_br,bareroot,regular,6,156,18.25,18.46
2/12/2016,fraxinus_pennsylvanica_cimmaron,fpc_br,bareroot,regular,7,134,17.38,15.18
2/12/2016,fraxinus_pennsylvanica_cimmaron,fpc_br,bareroot,regular,8,136,13.88,14.81
2/12/2016,fraxinus_pennsylvanica_cimmaron,fpc_br,bareroot,regular,9,135,18.3,16.96
2/12/2016,fraxinus_pennsylvanica_cimmaron,fpc_br,bareroot,regular,10,131,15.43,15
2/12/2016,fraxinus_pennsylvanica_cimmaron,fpc_br,bareroot,advanced,1,207,22.07,27.31
2/12/2016,fraxinus_pennsylvanica_cimmaron,fpc_br,bareroot,advanced,2,211,24.26,25.26
2/12/2016,fraxinus_pennsylvanica_cimmaron,fpc_br,bareroot,advanced,3,196,19.84,20.29
2/12/2016,fraxinus_pennsylvanica_cimmaron,fpc_br,bareroot,advanced,4,190,22.08,20.26
2/12/2016,fraxinus_pennsylvanica_cimmaron,fpc_br,bareroot,advanced,5,199,25.72,26.72
2/12/2016,fraxinus_pennsylvanica_cimmaron,fpc_br,bareroot,advanced,6,212,20.73,22.08
2/12/2016,fraxinus_pennsylvanica_cimmaron,fpc_br,bareroot,advanced,7,181,17.59,20.44
2/12/2016,fraxinus_pennsylvanica_cimmaron,fpc_br,bareroot,advanced,8,203,19.36,19.16
2/12/2016,fraxinus_pennsylvanica_cimmaron,fpc_br,bareroot,advanced,9,203,20.92,22.07
2/12/2016,fraxinus_pennsylvanica_cimmaron,fpc_br,bareroot,advanced,10,198,23.5,22.61
2/12/2016,platanus_x_acerifolia_liberty,pal_br,bareroot,regular,1,179,17.19,17.53
2/12/2016,platanus_x_acerifolia_liberty,pal_br,bareroot,regular,2,180,20.44,20.23
2/12/2016,platanus_x_acerifolia_liberty,pal_br,bareroot,regular,3,173,18.41,17.74
2/12/2016,platanus_x_acerifolia_liberty,pal_br,bareroot,regular,4,195,17.22,16.75
2/12/2016,platanus_x_acerifolia_liberty,pal_br,bareroot,regular,5,160,18.93,19.7
2/12/2016,platanus_x_acerifolia_liberty,pal_br,bareroot,regular,6,197,15.68,16.03
2/12/2016,platanus_x_acerifolia_liberty,pal_br,bareroot,regular,7,175,16.84,17.34
2/12/2016,platanus_x_acerifolia_liberty,pal_br,bareroot,regular,8,189,19.07,18.71
2/12/2016,platanus_x_acerifolia_liberty,pal_br,bareroot,regular,9,181,15.35,15.35
2/12/2016,platanus_x_acerifolia_liberty,pal_br,bareroot,regular,10,187,18.74,17.77
2/12/2016,platanus_x_acerifolia_liberty,pal_br,bareroot,advanced,1,231,23.9,24.09
2/12/2016,platanus_x_acerifolia_liberty,pal_br,bareroot,advanced,2,200,22.64,22.63
2/12/2016,platanus_x_acerifolia_liberty,pal_br,bareroot,advanced,3,215,24.42,25.97
2/12/2016,platanus_x_acerifolia_liberty,pal_br,bareroot,advanced,4,206,24.25,24.85
2/12/2016,platanus_x_acerifolia_liberty,pal_br,bareroot,advanced,5,191,23.9,23.61
2/12/2016,platanus_x_acerifolia_liberty,pal_br,bareroot,advanced,6,184,23.42,25.22
2/12/2016,platanus_x_acerifolia_liberty,pal_br,bareroot,advanced,7,185,20.68,20.89
2/12/2016,platanus_x_acerifolia_liberty,pal_br,bareroot,advanced,8,217,23.4,23
2/12/2016,platanus_x_acerifolia_liberty,pal_br,bareroot,advanced,9,237,26.26,23.81
2/12/2016,platanus_x_acerifolia_liberty,pal_br,bareroot,advanced,10,212,23.48,23.34
