nursery,date,species,batch_id,volume,tree,height,diameter1,diameter2,rcd1,rcd2
mtwil,23/06/2016,acer_freemanii_autumnblaze,af_100,100,1,355,32.76,32.11,42.34,42.19
mtwil,23/06/2016,acer_freemanii_autumnblaze,af_100,100,2,350,31.56,30.81,39.23,38.26
mtwil,23/06/2016,acer_freemanii_autumnblaze,af_100,100,3,350,30.71,31.29,43.45,44.89
mtwil,23/06/2016,acer_freemanii_autumnblaze,af_100,100,4,335,29.35,29.74,37.87,38.46
mtwil,23/06/2016,acer_freemanii_autumnblaze,af_100,100,5,355,30.41,30.53,42.08,42.27
mtwil,23/06/2016,acer_freemanii_autumnblaze,af_100,100,6,365,30.58,30.67,40.66,40.34
mtwil,23/06/2016,acer_freemanii_autumnblaze,af_100,100,7,360,32.35,30.31,42,42.42
mtwil,23/06/2016,acer_freemanii_autumnblaze,af_100,100,8,365,31.7,30.74,40.12,40.32
mtwil,23/06/2016,acer_freemanii_autumnblaze,af_100,100,9,365,32.18,33.99,47.96,44.82
mtwil,23/06/2016,acer_freemanii_autumnblaze,af_100,100,10,365,34.21,33.25,41.46,42.21
mtwil,23/06/2016,acer_freemanii_autumnblaze,af_100,100,11,375,35.85,36.33,42.28,40.46
mtwil,23/06/2016,acer_freemanii_autumnblaze,af_100,100,12,380,32.03,32.63,39.56,39.35
mtwil,23/06/2016,acer_freemanii_autumnblaze,af_100,100,13,342,30.55,30.04,39.29,37.55
mtwil,23/06/2016,acer_freemanii_autumnblaze,af_100,100,14,298,25.88,26.07,34.94,34.75
mtwil,23/06/2016,acer_freemanii_autumnblaze,af_100,100,15,312,28.01,27.24,33.38,32.99
mtwil,23/06/2016,acer_freemanii_autumnblaze,af_100,100,16,360,30.85,31.02,37.32,38.15
mtwil,23/06/2016,acer_freemanii_autumnblaze,af_100,100,17,360,32.89,32.44,42.15,42.83
mtwil,23/06/2016,acer_freemanii_autumnblaze,af_100,100,18,350,31.73,31.03,38.77,38.74
mtwil,23/06/2016,acer_freemanii_autumnblaze,af_100,100,19,347,26.01,26.72,33.19,33.81
mtwil,23/06/2016,acer_freemanii_autumnblaze,af_100,100,20,330,28,27.87,32.64,31.99
mtwil,23/06/2016,acer_freemanii_autumnblaze,af_100_2,100,1,455,46.77,45.07,56.41,52.25
mtwil,23/06/2016,acer_freemanii_autumnblaze,af_100_2,100,2,442,45.99,45.99,51.84,52.94
mtwil,23/06/2016,acer_freemanii_autumnblaze,af_100_2,100,3,400,47.32,46.95,55.51,55.97
mtwil,23/06/2016,acer_freemanii_autumnblaze,af_100_2,100,4,466,46.02,46.4,53.34,55.67
mtwil,23/06/2016,acer_freemanii_autumnblaze,af_100_2,100,5,462,50.04,50.08,60.04,61.24
mtwil,23/06/2016,acer_freemanii_autumnblaze,af_100_2,100,6,430,43.79,45.07,55.92,50.85
mtwil,23/06/2016,acer_freemanii_autumnblaze,af_100_2,100,7,425,46.29,46.38,54.66,56.62
mtwil,23/06/2016,acer_freemanii_autumnblaze,af_100_2,100,8,450,44.95,46.66,54.81,52.04
mtwil,23/06/2016,acer_freemanii_autumnblaze,af_100_2,100,9,415,45.63,45.66,55.66,55.33
mtwil,23/06/2016,acer_freemanii_autumnblaze,af_100_2,100,10,421,43.26,43.84,58.03,56.98
mtwil,23/06/2016,acer_freemanii_autumnblaze,af_100_2,100,11,423,44.97,44.58,49.2,50.91
mtwil,23/06/2016,acer_freemanii_autumnblaze,af_100_2,100,12,410,45.7,46.1,57.25,57.37
mtwil,23/06/2016,acer_freemanii_autumnblaze,af_100_2,100,13,395,46.11,45.95,60.35,59.12
mtwil,23/06/2016,acer_freemanii_autumnblaze,af_100_2,100,14,392,44.51,46.58,54.95,54.02
mtwil,23/06/2016,acer_freemanii_autumnblaze,af_100_2,100,15,420,43.49,44.25,55.94,56.65
mtwil,23/06/2016,acer_freemanii_autumnblaze,af_100_2,100,16,405,42.58,42.12,52.13,50.96
mtwil,23/06/2016,acer_freemanii_autumnblaze,af_100_2,100,17,402,42.84,43.01,51.66,54.34
mtwil,23/06/2016,acer_freemanii_autumnblaze,af_100_2,100,18,435,47.92,48.32,60.73,60.48
mtwil,23/06/2016,acer_freemanii_autumnblaze,af_100_2,100,19,435,41.18,41.27,52.93,49.1
mtwil,23/06/2016,acer_freemanii_autumnblaze,af_100_2,100,20,420,44.59,43.96,51.83,50.34
mtwil,23/06/2016,acer_freemanii_autumnblaze,af_33,33cm,1,219.7,17.44,17.67,24.69,23.25
mtwil,23/06/2016,acer_freemanii_autumnblaze,af_33,33cm,2,235.8,18.36,17.64,23.52,23.11
mtwil,23/06/2016,acer_freemanii_autumnblaze,af_33,33cm,3,213.6,18.88,18.23,22.38,25.95
mtwil,23/06/2016,acer_freemanii_autumnblaze,af_33,33cm,4,223.6,19.19,18.46,24.31,23.63
mtwil,23/06/2016,acer_freemanii_autumnblaze,af_33,33cm,5,220.7,19.31,19.3,24.31,24.91
mtwil,23/06/2016,acer_freemanii_autumnblaze,af_33,33cm,6,212,18.37,18.41,27.1,28.49
mtwil,23/06/2016,acer_freemanii_autumnblaze,af_33,33cm,7,221.1,19.37,18.85,27.56,28.51
mtwil,23/06/2016,acer_freemanii_autumnblaze,af_33,33cm,8,223.7,20.11,20,26.48,25.57
mtwil,23/06/2016,acer_freemanii_autumnblaze,af_33,33cm,9,213,18.05,18.05,24.56,23.75
mtwil,23/06/2016,acer_freemanii_autumnblaze,af_33,33cm,10,225.4,16.61,16.47,21.08,21.84
mtwil,23/06/2016,acer_freemanii_autumnblaze,af_33,33cm,11,234.9,16.66,16.69,23.44,23.76
mtwil,23/06/2016,acer_freemanii_autumnblaze,af_33,33cm,12,241.5,20.18,20,27.46,26.42
mtwil,23/06/2016,acer_freemanii_autumnblaze,af_33,33cm,13,227.8,18.32,18.48,30,28.59
mtwil,23/06/2016,acer_freemanii_autumnblaze,af_33,33cm,14,209.8,16.25,16.34,22.9,22.28
mtwil,23/06/2016,acer_freemanii_autumnblaze,af_33,33cm,15,230,20.35,20.29,29.2,28.45
mtwil,23/06/2016,acer_freemanii_autumnblaze,af_33,33cm,16,250.1,20.19,20.28,24.24,25.72
mtwil,23/06/2016,acer_freemanii_autumnblaze,af_33,33cm,17,235.2,17.7,17.77,21.4,22.47
mtwil,23/06/2016,acer_freemanii_autumnblaze,af_33,33cm,18,221,17.15,16.87,26.66,23.69
mtwil,23/06/2016,acer_freemanii_autumnblaze,af_33,33cm,19,234.7,18.25,18.12,23.75,23.19
mtwil,23/06/2016,acer_freemanii_autumnblaze,af_33,33cm,20,256.7,19.72,19.79,24.59,25.96
mtwil,23/06/2016,acer_freemanii_autumnblaze,af_33,33cm,21,250.5,18.67,17.89,27,26.08
mtwil,23/06/2016,acer_freemanii_autumnblaze,af_33,33cm,22,259.4,18.79,18.21,24.08,21.72
mtwil,23/06/2016,acer_freemanii_autumnblaze,af_33,33cm,23,233,19.57,18.9,28.7,27.31
mtwil,23/06/2016,acer_freemanii_autumnblaze,af_33,33cm,24,259,19,19.2,24.12,24.46
mtwil,23/06/2016,acer_freemanii_autumnblaze,af_33,33cm,25,255,17.46,17.37,23.78,23.97
mtwil,23/06/2016,acer_freemanii_autumnblaze,af_33,33cm,26,269.1,18.61,19.46,27.97,25.88
mtwil,23/06/2016,acer_freemanii_autumnblaze,af_33,33cm,27,218.3,21.54,21.08,27.15,25.55
mtwil,23/06/2016,acer_freemanii_autumnblaze,af_33,33cm,28,235.7,16.82,16.83,21.44,21.4
mtwil,23/06/2016,acer_freemanii_autumnblaze,af_33,33cm,29,253.8,18.72,18.66,25.97,25.95
mtwil,23/06/2016,acer_freemanii_autumnblaze,af_33,33cm,30,220.4,20.4,24.82,27.8,27.99
mtwil,23/06/2016,acer_freemanii_autumnblaze,af_33,33cm,31,207.8,15.02,15.78,20.88,22.14
mtwil,23/06/2016,acer_freemanii_autumnblaze,af_33,33cm,32,254.1,18.37,18.25,26.18,26.89
mtwil,23/06/2016,acer_freemanii_autumnblaze,af_33,33cm,33,239.7,18.73,18.84,26.61,26.58
mtwil,23/06/2016,acer_freemanii_autumnblaze,af_33,33cm,34,241.8,19.51,18.43,24.68,26.23
mtwil,23/06/2016,acer_freemanii_autumnblaze,af_33,33cm,35,260.2,19.54,19.28,26.13,25.75
mtwil,23/06/2016,acer_freemanii_autumnblaze,af_33,33cm,36,246.5,19.13,19.07,28.25,25.82
mtwil,23/06/2016,acer_freemanii_autumnblaze,af_33,33cm,37,220.9,18.73,17.97,26.93,28.97
mtwil,23/06/2016,acer_freemanii_autumnblaze,af_33,33cm,38,249.6,18.08,17.02,23.88,24.44
mtwil,23/06/2016,acer_freemanii_autumnblaze,af_33,33cm,39,260,17.1,16.86,21.33,21.35
mtwil,23/06/2016,acer_freemanii_autumnblaze,af_33,33cm,40,252.1,18.92,19.13,26.94,25.63
mtwil,23/06/2016,acer_freemanii_autumnblaze,af_33,33cm,41,260.9,20.79,20.36,26.98,25.56
mtwil,23/06/2016,acer_freemanii_autumnblaze,af_33,33cm,42,227.1,19.59,18.57,24.71,24.08
mtwil,23/06/2016,acer_freemanii_autumnblaze,af_33,33cm,43,259.1,17.6,18.38,26.23,25.81
mtwil,23/06/2016,acer_freemanii_autumnblaze,af_33,33cm,44,206.7,19.76,19.65,26.64,26.77
mtwil,23/06/2016,acer_freemanii_autumnblaze,af_33,33cm,45,200.8,17.13,17.21,23.75,23.27
mtwil,23/06/2016,acer_rubrum_octoberglory,ar-45,45,1,305,33.5,33.65,47.69,46.89
mtwil,23/06/2016,acer_rubrum_octoberglory,ar-45,45,2,330,37.09,36.05,44.07,47.01
mtwil,23/06/2016,acer_rubrum_octoberglory,ar-45,45,3,315,32.63,33.2,47.84,48.33
mtwil,23/06/2016,acer_rubrum_octoberglory,ar-45,45,4,325,34.28,34.85,46.51,50.55
mtwil,23/06/2016,acer_rubrum_octoberglory,ar-45,45,5,335,33.89,33.49,45.54,44.48
mtwil,23/06/2016,acer_rubrum_octoberglory,ar-45,45,6,320,33.68,32.15,48.3,43.43
mtwil,23/06/2016,acer_rubrum_octoberglory,ar-45,45,7,315,31.67,31.22,42.02,40.77
mtwil,23/06/2016,acer_rubrum_octoberglory,ar-45,45,8,295,32.62,32.05,38.28,39.03
mtwil,23/06/2016,acer_rubrum_octoberglory,ar-45,45,9,335,35.87,35.58,75,45.33
mtwil,23/06/2016,acer_rubrum_octoberglory,ar-45,45,10,185,33,32.44,44.47,49.51
mtwil,23/06/2016,acer_rubrum_octoberglory,ar-45,45,11,320,31.39,31.55,48.15,48.52
mtwil,23/06/2016,acer_rubrum_octoberglory,ar-45,45,12,310,31.76,32.16,47.75,45.62
mtwil,23/06/2016,acer_rubrum_octoberglory,ar-45,45,13,255,31.8,29.22,43.63,45.52
mtwil,23/06/2016,acer_rubrum_octoberglory,ar-45,45,14,290,30.28,27.32,38.04,39.26
mtwil,23/06/2016,acer_rubrum_octoberglory,ar-45,45,15,315,34.6,35.05,44.45,40.09
mtwil,23/06/2016,acer_rubrum_octoberglory,ar-45,45,16,310,32.07,30.44,43.09,44.59
mtwil,23/06/2016,acer_rubrum_octoberglory,ar-45,45,17,275,31.25,31.5,38.52,37.59
mtwil,23/06/2016,acer_rubrum_octoberglory,ar-45,45,18,350,33.8,34.05,49.44,52.04
mtwil,23/06/2016,acer_rubrum_octoberglory,ar-45,45,19,350,30.83,29.53,39.01,37.3
mtwil,23/06/2016,acer_rubrum_octoberglory,ar-45,45,20,265,32.08,31.18,40.31,39.72
mtwil,23/06/2016,acer_rubrum_octoberglory,ar-45,45,21,340,34.43,33.84,44.53,47.38
mtwil,23/06/2016,acer_rubrum_octoberglory,ar-45,45,22,335,34.53,35.04,44.42,43.33
mtwil,23/06/2016,acer_rubrum_octoberglory,ar-45,45,23,315,31.33,32.16,39.92,40.25
mtwil,23/06/2016,acer_rubrum_octoberglory,ar-45,45,24,305,29.8,31.19,42.56,42.67
mtwil,23/06/2016,acer_rubrum_octoberglory,ar-45,45,25,320,33.53,32.56,36.58,44.66
mtwil,23/06/2016,acer_rubrum_octoberglory,ar-45,45,26,345,30.57,30.78,45.82,45.77
mtwil,23/06/2016,acer_rubrum_octoberglory,ar-45,45,27,345,31.39,31.09,45.85,46.58
mtwil,23/06/2016,acer_rubrum_octoberglory,ar-45,45,28,335,33.13,33.66,40.23,42.76
mtwil,23/06/2016,acer_rubrum_octoberglory,ar-45,45,29,320,30.09,31.4,44,40.52
mtwil,23/06/2016,acer_rubrum_octoberglory,ar-45,45,30,320,30.37,30.73,45.01,46.38
mtwil,23/06/2016,acer_rubrum_octoberglory,ar-45,45,31,310,31.33,31.17,41.88,43.65
mtwil,23/06/2016,acer_rubrum_octoberglory,ar-45,45,32,315,31.46,31.41,40.56,40.34
mtwil,23/06/2016,acer_rubrum_octoberglory,ar-45,45,33,285,31.01,29.26,42.18,40.89
mtwil,23/06/2016,acer_rubrum_octoberglory,ar-45,45,34,325,29.65,32.07,35.84,36.9
mtwil,23/06/2016,acer_rubrum_octoberglory,ar-45,45,35,330,30.66,30.24,47.18,46.51
mtwil,23/06/2016,acer_rubrum_octoberglory,ar-45,45,36,330,31.2,32.6,44.39,45.67
mtwil,23/06/2016,acer_rubrum_octoberglory,ar-45,45,37,325,30.28,29.93,50.83,51.53
mtwil,23/06/2016,acer_rubrum_octoberglory,ar-45,45,38,340,30.87,31.17,45.63,45.8
mtwil,23/06/2016,acer_rubrum_octoberglory,ar-45,45,39,340,30.55,30.76,43.44,41.08
mtwil,23/06/2016,acer_rubrum_octoberglory,ar-45,45,40,330,29.27,29.31,44.59,42.53
mtwil,23/06/2016,acer_rubrum_octoberglory,ar-45,45,41,310,30.16,29.63,45.85,45.2
mtwil,23/06/2016,acer_rubrum_octoberglory,ar-45,45,42,305,30.31,30.67,42.07,42.06
mtwil,23/06/2016,acer_rubrum_octoberglory,ar-45,45,43,325,31.54,30,44.26,42.56
mtwil,23/06/2016,acer_rubrum_octoberglory,ar-45,45,44,280,30.63,30.33,42.08,39.96
mtwil,23/06/2016,acer_rubrum_octoberglory,ar-45,45,45,330,37.28,33.18,46.78,51.14
mtwil,23/06/2016,acer_rubrum_octoberglory,ar-200,200,1,445,52.38,52.85,65.63,64.45
mtwil,23/06/2016,acer_rubrum_octoberglory,ar-200,200,2,500,51.86,53.1,63.01,61.76
mtwil,23/06/2016,acer_rubrum_octoberglory,ar-200,200,3,485,61.36,60.09,73.28,71.91
mtwil,23/06/2016,acer_rubrum_octoberglory,ar-200,200,4,485,57.71,53.12,70.79,61.58
mtwil,23/06/2016,acer_rubrum_octoberglory,ar-200,200,5,485,54.55,51.56,69.75,70.58
mtwil,23/06/2016,acer_rubrum_octoberglory,ar-200,200,6,475,55.98,53.8,66.83,66.93
mtwil,23/06/2016,acer_rubrum_octoberglory,ar-200,200,7,440,54.1,53.62,61.41,68.74
mtwil,23/06/2016,acer_rubrum_octoberglory,ar-200,200,8,440,57.02,58.43,71.57,70.42
mtwil,23/06/2016,acer_rubrum_octoberglory,ar-200,200,9,480,57.04,59,69.56,68.46
mtwil,23/06/2016,acer_rubrum_octoberglory,ar-200,200,10,485,57.54,57.02,69.51,67.9
mtwil,23/06/2016,acer_rubrum_octoberglory,ar-200,200,11,470,56.25,55.92,65.61,64.55
mtwil,23/06/2016,acer_rubrum_octoberglory,ar-200,200,12,465,53.61,56.07,68.14,66.8
mtwil,23/06/2016,acer_rubrum_octoberglory,ar-200,200,13,475,59,58.95,72.76,69.66
mtwil,23/06/2016,acer_rubrum_octoberglory,ar-200,200,14,435,52.79,53.51,61.86,60.79
mtwil,23/06/2016,acer_rubrum_octoberglory,ar-200,200,15,465,55.49,56.74,66.69,63.87
mtwil,23/06/2016,acer_rubrum_octoberglory,ar-200,200,16,485,57.35,58.86,76.42,74.44
mtwil,23/06/2016,acer_rubrum_octoberglory,ar-200,200,17,470,58.65,58.25,67.41,66.36
mtwil,23/06/2016,acer_rubrum_octoberglory,ar-200,200,18,480,60.41,60.05,71.32,74.47
mtwil,23/06/2016,acer_rubrum_octoberglory,ar-200,200,19,470,54.13,56.39,69.26,71.21
mtwil,23/06/2016,acer_rubrum_octoberglory,ar-200,200,20,470,56.7,59.52,73.87,67.98
mtwil,23/06/2016,acer_rubrum_octoberglory,ar_33,33cm,1,232,20.48,20.68,31.11,30.89
mtwil,23/06/2016,acer_rubrum_octoberglory,ar_33,33cm,2,228,19.21,19.26,25.83,26.1
mtwil,23/06/2016,acer_rubrum_octoberglory,ar_33,33cm,3,289,21.92,20.89,29.81,28.63
mtwil,23/06/2016,acer_rubrum_octoberglory,ar_33,33cm,4,267,19.95,18.15,30.72,30.25
mtwil,23/06/2016,acer_rubrum_octoberglory,ar_33,33cm,5,295,20.44,20.38,27.9,31.63
mtwil,23/06/2016,acer_rubrum_octoberglory,ar_33,33cm,6,243,18.22,18.07,27.8,26.58
mtwil,23/06/2016,acer_rubrum_octoberglory,ar_33,33cm,7,271,20.36,20.61,32.79,31.83
mtwil,23/06/2016,acer_rubrum_octoberglory,ar_33,33cm,8,281,17.42,19.27,28.37,28.23
mtwil,23/06/2016,acer_rubrum_octoberglory,ar_33,33cm,9,268,20.27,20.37,31.87,33.39
mtwil,23/06/2016,acer_rubrum_octoberglory,ar_33,33cm,10,286,21.76,21.95,30.97,30.96
mtwil,23/06/2016,acer_rubrum_octoberglory,ar_33,33cm,11,274,20.76,20.82,30.5,29.72
mtwil,23/06/2016,acer_rubrum_octoberglory,ar_33,33cm,12,287,21.11,20.53,30.96,30.96
mtwil,23/06/2016,acer_rubrum_octoberglory,ar_33,33cm,13,266,21.43,21.38,27.84,28.03
mtwil,23/06/2016,acer_rubrum_octoberglory,ar_33,33cm,14,286,21.05,21.1,32.43,33.28
mtwil,23/06/2016,acer_rubrum_octoberglory,ar_33,33cm,15,277,20.66,20.47,32.44,32.06
mtwil,23/06/2016,acer_rubrum_octoberglory,ar_33,33cm,16,222,20.75,20.77,30.29,30.32
mtwil,23/06/2016,acer_rubrum_octoberglory,ar_33,33cm,17,252,18.42,19.65,27.62,28.3
mtwil,23/06/2016,acer_rubrum_octoberglory,ar_33,33cm,18,290,21.5,21.43,32.67,32.63
mtwil,23/06/2016,acer_rubrum_octoberglory,ar_33,33cm,19,273,20.5,20.57,33.98,32.32
mtwil,23/06/2016,acer_rubrum_octoberglory,ar_33,33cm,20,272,20.09,20.26,32.23,31.46
mtwil,23/06/2016,acer_rubrum_octoberglory,ar_33,33cm,21,278,20.01,20.71,31.38,29.53
mtwil,23/06/2016,acer_rubrum_octoberglory,ar_33,33cm,22,286,21.23,21.23,33.06,33.49
mtwil,23/06/2016,acer_rubrum_octoberglory,ar_33,33cm,23,247,19.01,18.92,27.93,27.34
mtwil,23/06/2016,acer_rubrum_octoberglory,ar_33,33cm,24,287,17.88,17.75,28,26.51
mtwil,23/06/2016,acer_rubrum_octoberglory,ar_33,33cm,25,279,19.77,20.01,26.05,25.48
mtwil,23/06/2016,acer_rubrum_octoberglory,ar_33,33cm,26,275,21.06,21.57,31.14,31.69
mtwil,23/06/2016,acer_rubrum_octoberglory,ar_33,33cm,27,263,20.5,20.68,30.6,30.92
mtwil,23/06/2016,acer_rubrum_octoberglory,ar_33,33cm,28,261,18.06,19.28,28.01,29.92
mtwil,23/06/2016,acer_rubrum_octoberglory,ar_33,33cm,29,281,20.76,21.26,31.02,30.94
mtwil,23/06/2016,acer_rubrum_octoberglory,ar_33,33cm,30,287,20.18,21.04,27.25,27.48
mtwil,23/06/2016,acer_rubrum_octoberglory,ar_33,33cm,31,277,20.21,19.15,28.19,30.81
mtwil,23/06/2016,acer_rubrum_octoberglory,ar_33,33cm,32,272,20.73,20.04,31.77,32.68
mtwil,23/06/2016,acer_rubrum_octoberglory,ar_33,33cm,33,264,20.64,21.24,27.82,28.23
mtwil,23/06/2016,acer_rubrum_octoberglory,ar_33,33cm,34,272,20.28,17.98,24.72,25.3
mtwil,23/06/2016,acer_rubrum_octoberglory,ar_33,33cm,35,232,20.61,20.73,29.8,29.59
mtwil,23/06/2016,acer_rubrum_octoberglory,ar_33,33cm,36,223,17.88,18.91,25.56,25.75
mtwil,23/06/2016,acer_rubrum_octoberglory,ar_33,33cm,37,256,18.68,19.87,27.39,24.26
mtwil,23/06/2016,acer_rubrum_octoberglory,ar_33,33cm,38,273,21.35,21.15,28.07,31.29
mtwil,23/06/2016,acer_rubrum_octoberglory,ar_33,33cm,39,282,19.45,19.58,26.94,27.23
mtwil,23/06/2016,acer_rubrum_octoberglory,ar_33,33cm,40,284,22.39,20.96,28.02,27.6
mtwil,23/06/2016,acer_rubrum_octoberglory,ar_33,33cm,41,266,19.1,19.05,26.21,25.39
mtwil,23/06/2016,acer_rubrum_octoberglory,ar_33,33cm,42,256,19.36,19.24,26.28,27.1
mtwil,23/06/2016,acer_rubrum_octoberglory,ar_33,33cm,43,272,19.04,19.06,29.41,28.53
mtwil,23/06/2016,acer_rubrum_octoberglory,ar_33,33cm,44,261,18.04,18.06,25.34,26.08
mtwil,23/06/2016,acer_rubrum_octoberglory,ar_33,33cm,45,246,18.84,17.58,27.2,27.14
mtwil,23/06/2016,angophora_costata,ac-18,18,1,183.9,15.1,15.57,22.18,19.58
mtwil,23/06/2016,angophora_costata,ac-18,18,2,159.3,14.59,14.63,22.86,22.53
mtwil,23/06/2016,angophora_costata,ac-18,18,3,163.6,15.17,14.37,25.2,22.3
mtwil,23/06/2016,angophora_costata,ac-18,18,4,178,12.45,12.68,18.1,18.12
mtwil,23/06/2016,angophora_costata,ac-18,18,5,161.4,17.47,17.62,23.95,22.78
mtwil,23/06/2016,angophora_costata,ac-18,18,6,149,14.49,14,19.21,19.67
mtwil,23/06/2016,angophora_costata,ac-18,18,7,173,13.34,13.34,21.15,21.2
mtwil,23/06/2016,angophora_costata,ac-18,18,8,157.8,16.37,16.37,22.36,22.12
mtwil,23/06/2016,angophora_costata,ac-18,18,9,142.2,15.74,15.46,21.37,21.3
mtwil,23/06/2016,angophora_costata,ac-18,18,10,179.1,16.77,16.9,25.43,24.84
mtwil,23/06/2016,angophora_costata,ac-18,18,11,159.8,12.49,12.35,20.48,19.18
mtwil,23/06/2016,angophora_costata,ac-18,18,12,149.5,12.99,12.43,23.14,24.38
mtwil,23/06/2016,angophora_costata,ac-18,18,13,164.8,15.03,15.02,21.58,20.75
mtwil,23/06/2016,angophora_costata,ac-18,18,14,188.7,16,15.61,20.36,20.53
mtwil,23/06/2016,angophora_costata,ac-18,18,15,156.6,12.36,12.52,19.62,19.68
mtwil,23/06/2016,angophora_costata,ac-18,18,16,185.2,15.62,15.59,24.73,25.69
mtwil,23/06/2016,angophora_costata,ac-18,18,17,159.1,16.33,15.9,23.66,24.12
mtwil,23/06/2016,angophora_costata,ac-18,18,18,162.7,15.48,15.08,24.89,23.58
mtwil,23/06/2016,angophora_costata,ac-18,18,19,186.8,17,16.6,19.96,20.64
mtwil,23/06/2016,angophora_costata,ac-18,18,20,208.1,15.3,15.53,21.78,21.85
mtwil,23/06/2016,angophora_costata,ac-18,18,21,167.3,13.6,13.97,13.65,23.33
mtwil,23/06/2016,angophora_costata,ac-18,18,22,158.5,14.96,14.49,24.36,24.17
mtwil,23/06/2016,angophora_costata,ac-18,18,23,145.1,12.23,12.44,19.9,19.27
mtwil,23/06/2016,angophora_costata,ac-18,18,24,150.6,13.9,13.79,21.3,22.4
mtwil,23/06/2016,angophora_costata,ac-18,18,25,157.8,16.08,16.17,21.4,21.6
mtwil,23/06/2016,angophora_costata,ac_45,45,1,216,26.54,25.92,41.62,49.11
mtwil,23/06/2016,angophora_costata,ac_45,45,2,189,26.96,26.54,40.65,43.44
mtwil,23/06/2016,angophora_costata,ac_45,45,3,207,27.48,27.51,42.92,42.26
mtwil,23/06/2016,angophora_costata,ac_45,45,4,229,28.27,29.17,37.91,39.59
mtwil,23/06/2016,angophora_costata,ac_45,45,5,231,29.06,29.11,43.83,44.76
mtwil,23/06/2016,angophora_costata,ac_45,45,6,245,25.98,25.95,41.21,44.89
mtwil,23/06/2016,angophora_costata,ac_45,45,7,186,24.47,24.2,39.41,44.1
mtwil,23/06/2016,angophora_costata,ac_45,45,8,220,27.44,28.43,42.6,42.31
mtwil,23/06/2016,angophora_costata,ac_45,45,9,187,26.63,24.11,41.95,42.1
mtwil,23/06/2016,angophora_costata,ac_45,45,10,211,26.09,26.15,41.31,40.56
mtwil,23/06/2016,angophora_costata,ac_45,45,11,204,26.92,27.26,43,42.22
mtwil,23/06/2016,angophora_costata,ac_45,45,12,212,29.67,29.44,40.03,42.7
mtwil,23/06/2016,angophora_costata,ac_45,45,13,234,30.25,31.33,48.33,44.38
mtwil,23/06/2016,angophora_costata,ac_45,45,14,204,28.13,28.58,46.96,42.5
mtwil,23/06/2016,angophora_costata,ac_45,45,15,252,30.78,30.96,45.5,48.33
mtwil,23/06/2016,angophora_costata,ac_45,45,16,229,27.88,26.93,43.79,42.45
mtwil,23/06/2016,angophora_costata,ac_45,45,17,200,30.91,30.99,42.43,41.95
mtwil,23/06/2016,angophora_costata,ac_45,45,18,224,28.02,28.04,42.83,43.26
mtwil,23/06/2016,angophora_costata,ac_45,45,19,202,26.62,27.09,43.41,41.42
mtwil,23/06/2016,angophora_costata,ac_45,45,20,192,27.32,27.2,39.62,41.2
mtwil,23/06/2016,angophora_costata,ac_45,45,21,211,27.04,26.77,36.93,35.55
mtwil,23/06/2016,angophora_costata,ac_45,45,22,224,31.91,31.54,39.05,39.31
mtwil,23/06/2016,angophora_costata,ac_45,45,23,235,26.84,26.37,42.79,41.47
mtwil,23/06/2016,angophora_costata,ac_45,45,24,220,27.01,26.98,38.6,38.65
mtwil,23/06/2016,angophora_costata,ac_45,45,25,196,32.14,32.83,42.14,43.2
mtwil,23/06/2016,angophora_costata,ac_45,45,26,238,28.45,28.63,43.69,41.08
mtwil,23/06/2016,angophora_costata,ac_45,45,27,199,26.78,26.8,43.14,43.65
mtwil,23/06/2016,angophora_costata,ac_45,45,28,194,27.48,26.98,43.18,43.66
mtwil,23/06/2016,angophora_costata,ac_45,45,29,242,34.91,34.74,45.6,45.49
mtwil,23/06/2016,angophora_costata,ac_45,45,30,242,26.66,26.26,38.69,37.34
mtwil,23/06/2016,angophora_costata,ac_45,45,31,210,27.63,27.25,42.95,44.67
mtwil,23/06/2016,angophora_costata,ac_45,45,32,239,33.22,33.31,49.35,47.97
mtwil,23/06/2016,angophora_costata,ac_45,45,33,190,30.66,30.27,50.2,50.25
mtwil,23/06/2016,angophora_costata,ac_45,45,34,169,29.51,29.45,45.05,43.78
mtwil,23/06/2016,angophora_costata,ac_45,45,35,241,27.04,27.35,40.29,42.39
mtwil,23/06/2016,angophora_costata,ac_45,45,36,207,22.35,22.1,35.91,37.67
mtwil,23/06/2016,angophora_costata,ac_45,45,37,231,29.35,30.14,47.94,48.85
mtwil,23/06/2016,angophora_costata,ac_45,45,38,212,26.44,26.6,47.46,43.91
mtwil,23/06/2016,angophora_costata,ac_45,45,39,232,30.96,31.81,51.74,49.78
mtwil,23/06/2016,angophora_costata,ac_45,45,40,158,32.26,31.49,44.9,48.35
mtwil,23/06/2016,angophora_costata,ac_45,45,41,196,29.59,31.07,54.11,54.64
mtwil,23/06/2016,angophora_costata,ac_45,45,42,230,31.44,31.46,43.04,41.89
mtwil,23/06/2016,angophora_costata,ac_45,45,43,204,32.78,32.08,45.98,47.11
mtwil,23/06/2016,angophora_costata,ac_45,45,44,173,30.27,30.91,48.56,54.02
mtwil,23/06/2016,angophora_costata,ac_45,45,45,217,28.06,28.26,44.4,46.51
mtwil,23/06/2016,corymbia_maculata,cm-18,18,1,140.8,11.13,11.63,18.15,20.36
mtwil,23/06/2016,corymbia_maculata,cm-18,18,2,133.9,9.79,9.67,14.51,17.22
mtwil,23/06/2016,corymbia_maculata,cm-18,18,3,143,11.99,11.07,16.4,18.56
mtwil,23/06/2016,corymbia_maculata,cm-18,18,4,120.2,9.78,9.82,17.37,13.35
mtwil,23/06/2016,corymbia_maculata,cm-18,18,5,153.9,13.08,16.01,22.57,18.34
mtwil,23/06/2016,corymbia_maculata,cm-18,18,6,160.6,12.26,12.45,18.06,18.21
mtwil,23/06/2016,corymbia_maculata,cm-18,18,7,174.9,12.78,12.75,18.36,16.95
mtwil,23/06/2016,corymbia_maculata,cm-18,18,8,163.8,11.64,11.74,19.57,20.24
mtwil,23/06/2016,corymbia_maculata,cm-18,18,9,148.7,12.45,12.25,21.02,20.87
mtwil,23/06/2016,corymbia_maculata,cm-18,18,10,145.6,10.01,10.15,14.81,14.31
mtwil,23/06/2016,corymbia_maculata,cm-18,18,11,184,13.72,13.74,19.97,21.61
mtwil,23/06/2016,corymbia_maculata,cm-18,18,12,160.1,12.49,12.5,19.93,19.11
mtwil,23/06/2016,corymbia_maculata,cm-18,18,13,160.5,9.52,9.93,15.54,14.77
mtwil,23/06/2016,corymbia_maculata,cm-18,18,14,133.9,12.49,12.66,16.68,15.55
mtwil,23/06/2016,corymbia_maculata,cm-18,18,15,158.4,12.83,13.87,19.26,18.51
mtwil,23/06/2016,corymbia_maculata,cm-18,18,16,175.8,11.5,11.77,13.05,14.48
mtwil,23/06/2016,corymbia_maculata,cm-18,18,17,180.2,13.06,13.15,17.91,17.32
mtwil,23/06/2016,corymbia_maculata,cm-18,18,18,175.3,12.7,12.46,19.23,17.23
mtwil,23/06/2016,corymbia_maculata,cm-18,18,19,160.4,10.92,11.24,15.44,17.99
mtwil,23/06/2016,corymbia_maculata,cm-18,18,20,168.4,11.61,11.83,22.31,21.69
mtwil,23/06/2016,corymbia_maculata,cm-18,18,21,135.1,10.19,10.24,14.88,15.28
mtwil,23/06/2016,corymbia_maculata,cm-18,18,22,158.8,12.31,12.01,15.61,16.06
mtwil,23/06/2016,corymbia_maculata,cm-18,18,23,161.4,12.98,12.67,20.6,20.7
mtwil,23/06/2016,corymbia_maculata,cm-18,18,24,142.2,15.09,12.87,20.61,18.96
mtwil,23/06/2016,corymbia_maculata,cm-18,18,25,195.2,12.1,12.81,17.76,16.97
mtwil,23/06/2016,corymbia_maculata,cm-18,18,26,206.8,13.1,13.15,17.75,19.67
mtwil,23/06/2016,corymbia_maculata,cm-18,18,27,132.3,12.63,12.63,17.97,18.46
mtwil,23/06/2016,corymbia_maculata,cm-18,18,28,149.1,9.09,9.32,17.16,17.58
mtwil,23/06/2016,corymbia_maculata,cm-18,18,29,164.7,11.71,11.76,16.92,16.1
mtwil,23/06/2016,corymbia_maculata,cm-18,18,30,164,11.82,11.85,18.62,188.84
mtwil,23/06/2016,corymbia_maculata,cm-18,18,31,144.1,9.91,9.11,19.11,19.45
mtwil,23/06/2016,corymbia_maculata,cm-18,18,32,180.2,13.41,13.11,22.2,22.5
mtwil,23/06/2016,corymbia_maculata,cm-18,18,33,137,10.6,10.85,15.46,15.46
mtwil,23/06/2016,corymbia_maculata,cm-18,18,34,157.5,13.4,13.32,16.61,16.85
mtwil,23/06/2016,corymbia_maculata,cm-18,18,35,146.3,11.82,11.47,19.9,19.7
mtwil,23/06/2016,corymbia_maculata,cm-18,18,36,162,12.41,11.58,18.34,19.7
mtwil,23/06/2016,corymbia_maculata,cm-18,18,37,142.9,13.36,13.14,21.01,22
mtwil,23/06/2016,corymbia_maculata,cm-18,18,38,154.5,11.84,12,15.19,16.32
mtwil,23/06/2016,corymbia_maculata,cm-18,18,39,145.6,10.56,10.6,19.65,18.83
mtwil,23/06/2016,corymbia_maculata,cm-18,18,40,167,13.17,12,17.5,18.89
mtwil,23/06/2016,corymbia_maculata,cm-18,18,41,139.9,10.89,11.1,16.77,16.46
mtwil,23/06/2016,corymbia_maculata,cm-18,18,42,172.9,10.62,10.26,17.48,15.97
mtwil,23/06/2016,corymbia_maculata,cm-18,18,43,137,9.22,8.7,18.25,16.17
mtwil,23/06/2016,corymbia_maculata,cm-18,18,44,174.5,13.5,13.06,15.45,18.1
mtwil,23/06/2016,corymbia_maculata,cm-18,18,45,155.4,11.01,11.22,15.45,17.07
mtwil,23/06/2016,eucalyptus_leucoxylon_megalocarpa,el_100,100,1,321,36.39,36.24,48.99,47.67
mtwil,23/06/2016,eucalyptus_leucoxylon_megalocarpa,el_100,100,2,380,44.51,44.18,50.89,50.01
mtwil,23/06/2016,eucalyptus_leucoxylon_megalocarpa,el_100,100,3,332,45.15,43.51,58.38,60.34
mtwil,23/06/2016,eucalyptus_leucoxylon_megalocarpa,el_100,100,4,400,44.94,43.59,52.44,42.55
mtwil,23/06/2016,eucalyptus_leucoxylon_megalocarpa,el_100,100,5,292,37.91,38.62,50.61,52.27
mtwil,23/06/2016,eucalyptus_leucoxylon_megalocarpa,el_100,100,6,370,46.8,45.57,56.51,56.09
mtwil,23/06/2016,eucalyptus_leucoxylon_megalocarpa,el_100,100,7,360,42.29,43.37,54.57,53.89
mtwil,23/06/2016,eucalyptus_leucoxylon_megalocarpa,el_100,100,8,300,49.55,48.59,57.53,57.12
mtwil,23/06/2016,eucalyptus_leucoxylon_megalocarpa,el_100,100,9,380,42.89,42.09,54.49,58.74
mtwil,23/06/2016,eucalyptus_leucoxylon_megalocarpa,el_100,100,10,350,40.83,40.85,48.22,49.59
mtwil,23/06/2016,eucalyptus_leucoxylon_megalocarpa,el_100,100,11,330,46.84,45.24,56.03,60.19
mtwil,23/06/2016,eucalyptus_leucoxylon_megalocarpa,el_100,100,12,330,43.96,42.84,47.84,48.1
mtwil,23/06/2016,eucalyptus_leucoxylon_megalocarpa,el_100,100,13,365,40.33,40.58,49.67,49.34
mtwil,23/06/2016,eucalyptus_leucoxylon_megalocarpa,el_100,100,14,380,42.24,43.15,53.27,52.43
mtwil,23/06/2016,eucalyptus_leucoxylon_megalocarpa,el_100,100,15,410,42.71,42.79,48.03,47.34
mtwil,23/06/2016,eucalyptus_leucoxylon_megalocarpa,el_100,100,16,300,45.09,46.77,53.44,51.78
mtwil,23/06/2016,eucalyptus_leucoxylon_megalocarpa,el_100,100,17,340,43.89,43.81,51.41,51.51
mtwil,23/06/2016,eucalyptus_leucoxylon_megalocarpa,el_100,100,18,370,35.09,34.82,40.58,39.55
mtwil,23/06/2016,eucalyptus_leucoxylon_megalocarpa,el_100,100,19,340,39.12,37.89,51.06,50.92
mtwil,23/06/2016,eucalyptus_leucoxylon_megalocarpa,el_100,100,20,345,41.2,39.81,50.55,50.9
mtwil,23/06/2016,eucalyptus_melliodora,em_18,18,1,160.8,10.04,10.09,18.87,18.08
mtwil,23/06/2016,eucalyptus_melliodora,em_18,18,2,152.5,10.53,10.97,20.73,21.42
mtwil,23/06/2016,eucalyptus_melliodora,em_18,18,3,164,11.26,11.23,18,19.24
mtwil,23/06/2016,eucalyptus_melliodora,em_18,18,4,133.6,11.47,11.52,17.63,19.19
mtwil,23/06/2016,eucalyptus_melliodora,em_18,18,5,151.6,13.09,12.74,21.71,20.56
mtwil,23/06/2016,eucalyptus_melliodora,em_18,18,6,141,11.97,12.21,17.88,20.44
mtwil,23/06/2016,eucalyptus_melliodora,em_18,18,7,159.6,13.7,13.16,23.77,21.66
mtwil,23/06/2016,eucalyptus_melliodora,em_18,18,8,155.4,12.18,12.33,16.39,17.37
mtwil,23/06/2016,eucalyptus_melliodora,em_18,18,9,176.4,12.66,13.02,17.83,16.97
mtwil,23/06/2016,eucalyptus_melliodora,em_18,18,10,168.5,14.14,13.67,20.1,21.61
mtwil,23/06/2016,eucalyptus_melliodora,em_18,18,11,177.4,14.1,14.21,21.86,20.86
mtwil,23/06/2016,eucalyptus_melliodora,em_18,18,12,164,14.23,14.38,21.51,21.67
mtwil,23/06/2016,eucalyptus_melliodora,em_18,18,13,160.8,16,15.61,21.26,23.62
mtwil,23/06/2016,eucalyptus_melliodora,em_18,18,14,182.5,14.5,15.15,18.48,17.68
mtwil,23/06/2016,eucalyptus_melliodora,em_18,18,15,160.3,14.51,14.22,19.34,19.16
mtwil,23/06/2016,eucalyptus_melliodora,em_18,18,16,184.9,13.19,12.8,20.67,20.52
mtwil,23/06/2016,eucalyptus_melliodora,em_18,18,17,175.2,13.31,13.23,16.03,18.04
mtwil,23/06/2016,eucalyptus_melliodora,em_18,18,18,152.6,11.97,12.33,18.73,16.75
mtwil,23/06/2016,eucalyptus_melliodora,em_18,18,19,141.4,14.21,14.94,15.55,16.45
mtwil,23/06/2016,eucalyptus_melliodora,em_18,18,20,146.4,13.61,13.58,19.45,19.67
mtwil,23/06/2016,eucalyptus_melliodora,em_18,18,21,131.2,11.32,11.5,21.14,21.71
mtwil,23/06/2016,eucalyptus_melliodora,em_18,18,22,162.6,11.94,11.77,17.48,16.76
mtwil,23/06/2016,eucalyptus_melliodora,em_18,18,23,181.3,13.2,13.39,19.88,22.18
mtwil,23/06/2016,eucalyptus_melliodora,em_18,18,24,173.6,12.16,11.85,17.81,17.58
mtwil,23/06/2016,eucalyptus_melliodora,em_18,18,25,187.4,14.1,14.44,15.96,18.74
mtwil,23/06/2016,eucalyptus_melliodora,em_18,18,26,136.1,10.81,10.83,20.12,20.31
mtwil,23/06/2016,eucalyptus_melliodora,em_18,18,27,187.4,12.97,12.53,19.85,18.87
mtwil,23/06/2016,eucalyptus_melliodora,em_18,18,28,168,15.51,16.08,22.51,25.14
mtwil,23/06/2016,eucalyptus_melliodora,em_18,18,29,128.1,12.26,12.21,19.52,18.28
mtwil,23/06/2016,eucalyptus_melliodora,em_18,18,30,159.6,12.16,12.58,20.05,21.91
mtwil,23/06/2016,eucalyptus_melliodora,em_18,18,31,189.9,12.02,12.5,19.01,17.78
mtwil,23/06/2016,eucalyptus_melliodora,em_18,18,32,131,14.7,15.58,21.07,20
mtwil,23/06/2016,eucalyptus_melliodora,em_18,18,33,126,13.18,13.28,18.89,19.87
mtwil,23/06/2016,eucalyptus_melliodora,em_18,18,34,165.3,11.71,12.13,19.77,17.56
mtwil,23/06/2016,eucalyptus_melliodora,em_18,18,35,133.9,13.75,12.83,19.26,19.83
mtwil,23/06/2016,eucalyptus_melliodora,em_18,18,36,192.7,12.3,12.51,19.67,21.1
mtwil,23/06/2016,eucalyptus_sideroxylon_rosea,es_18,18,1,151,10.75,10.75,17.61,18.33
mtwil,23/06/2016,eucalyptus_sideroxylon_rosea,es_18,18,2,147,11.01,11.68,17.68,16.1
mtwil,23/06/2016,eucalyptus_sideroxylon_rosea,es_18,18,3,136,11.03,10.42,17.35,17.76
mtwil,23/06/2016,eucalyptus_sideroxylon_rosea,es_18,18,4,141,10.92,10.91,17.03,17.27
mtwil,23/06/2016,eucalyptus_sideroxylon_rosea,es_18,18,5,142,9.56,9.54,13.47,13.82
mtwil,23/06/2016,eucalyptus_sideroxylon_rosea,es_18,18,6,119,8.78,8.8,13.18,13.21
mtwil,23/06/2016,eucalyptus_sideroxylon_rosea,es_18,18,7,125,9.06,9.07,13.65,13.38
mtwil,23/06/2016,eucalyptus_sideroxylon_rosea,es_18,18,8,140,10,9.92,14.61,15.38
mtwil,23/06/2016,eucalyptus_sideroxylon_rosea,es_18,18,9,124,9.1,9.1,14.46,15.64
mtwil,23/06/2016,eucalyptus_sideroxylon_rosea,es_18,18,10,113,9.29,9.41,17.25,16.41
mtwil,23/06/2016,eucalyptus_sideroxylon_rosea,es_18,18,11,162,12.67,12.48,17.46,16.93
mtwil,23/06/2016,eucalyptus_sideroxylon_rosea,es_18,18,12,116,9.43,8.82,13,13.17
mtwil,23/06/2016,eucalyptus_sideroxylon_rosea,es_18,18,13,132,10,9.98,13.22,12.96
mtwil,23/06/2016,eucalyptus_sideroxylon_rosea,es_18,18,14,153,10.94,10.89,16.18,16.25
mtwil,23/06/2016,eucalyptus_sideroxylon_rosea,es_18,18,15,148,10.79,10.4,13.99,15.88
mtwil,23/06/2016,eucalyptus_sideroxylon_rosea,es_18,18,16,137,9.63,9.48,15.17,14.19
mtwil,23/06/2016,eucalyptus_sideroxylon_rosea,es_18,18,17,139,11.15,11.3,16.36,17.01
mtwil,23/06/2016,eucalyptus_sideroxylon_rosea,es_18,18,18,155,8.7,8.88,12.88,13.78
mtwil,23/06/2016,eucalyptus_sideroxylon_rosea,es_18,18,19,129,10.98,11.01,15.5,15.81
mtwil,23/06/2016,eucalyptus_sideroxylon_rosea,es_18,18,20,142,11.65,11.31,15.05,14.68
mtwil,23/06/2016,eucalyptus_sideroxylon_rosea,es_18,18,21,152,10.48,10.36,15.78,15.34
mtwil,23/06/2016,eucalyptus_sideroxylon_rosea,es_18,18,22,134,10.3,10.22,14.3,15.09
mtwil,23/06/2016,eucalyptus_sideroxylon_rosea,es_18,18,23,145,10.28,10.45,14.4,14.4
mtwil,23/06/2016,eucalyptus_sideroxylon_rosea,es_18,18,24,146,10.31,10.25,16.52,17.55
mtwil,23/06/2016,eucalyptus_sideroxylon_rosea,es_18,18,25,153,12.41,11.84,17.68,18.46
mtwil,23/06/2016,eucalyptus_sideroxylon_rosea,es_18,18,26,146,12.92,10.66,15.28,15.91
mtwil,23/06/2016,eucalyptus_sideroxylon_rosea,es_18,18,27,142,9.85,9.77,13.78,13.95
mtwil,23/06/2016,eucalyptus_sideroxylon_rosea,es_18,18,28,135,10.34,10.15,12.77,14.31
mtwil,23/06/2016,eucalyptus_sideroxylon_rosea,es_18,18,29,156,13.3,13.28,15.75,15.87
mtwil,23/06/2016,eucalyptus_sideroxylon_rosea,es_18,18,30,136,10.68,10.35,16.68,18.01
mtwil,23/06/2016,eucalyptus_sideroxylon_rosea,es_18,18,31,151,10.22,10.47,15.67,16.22
mtwil,23/06/2016,eucalyptus_sideroxylon_rosea,es_18,18,32,141,10.53,10.71,14.85,16.18
mtwil,23/06/2016,eucalyptus_sideroxylon_rosea,es_18,18,33,122,9.58,9.98,13.19,13.79
mtwil,23/06/2016,eucalyptus_sideroxylon_rosea,es_18,18,34,143,9.3,9.41,15.54,14.29
mtwil,23/06/2016,eucalyptus_sideroxylon_rosea,es_18,18,35,130,8.79,8.48,15.31,16.24
mtwil,23/06/2016,eucalyptus_sideroxylon_rosea,es_18,18,36,121,10.58,10.51,14.1,15.25
mtwil,23/06/2016,eucalyptus_sideroxylon_rosea,es_18,18,37,143,9.58,9.58,14.41,15.43
mtwil,23/06/2016,eucalyptus_sideroxylon_rosea,es_18,18,38,149,10.91,10.9,16.29,17.18
mtwil,23/06/2016,eucalyptus_sideroxylon_rosea,es_18,18,39,145,12.13,12.14,17.56,17.9
mtwil,23/06/2016,eucalyptus_sideroxylon_rosea,es_18,18,40,133,11.12,10.57,17.2,18.09
mtwil,23/06/2016,eucalyptus_sideroxylon_rosea,es_18,18,41,140,10.01,10.17,15,14.35
mtwil,23/06/2016,eucalyptus_sideroxylon_rosea,es_18,18,42,116,10.63,10.62,15.59,15.7
mtwil,23/06/2016,eucalyptus_sideroxylon_rosea,es_18,18,43,128,9.97,10.02,17.61,16.7
mtwil,23/06/2016,eucalyptus_sideroxylon_rosea,es_18,18,44,141,9.98,9.41,11.97,12.4
mtwil,23/06/2016,eucalyptus_sideroxylon_rosea,es_18,18,45,132,9.94,9.56,13.87,14
mtwil,23/06/2016,eucalyptus_sideroxylon_rosea,es_45,45,1,169,26.49,27.76,45.81,44.79
mtwil,23/06/2016,eucalyptus_sideroxylon_rosea,es_45,45,2,176,28.93,28.69,39.17,41.15
mtwil,23/06/2016,eucalyptus_sideroxylon_rosea,es_45,45,3,169,29.66,25.85,44.54,44.73
mtwil,23/06/2016,eucalyptus_sideroxylon_rosea,es_45,45,4,232,27.22,27.24,44.78,44.37
mtwil,23/06/2016,eucalyptus_sideroxylon_rosea,es_45,45,5,195,24.92,25.52,35.36,35.23
mtwil,23/06/2016,eucalyptus_sideroxylon_rosea,es_45,45,6,224,30.7,29.45,48.22,46.83
mtwil,23/06/2016,eucalyptus_sideroxylon_rosea,es_45,45,7,210,30.87,28.6,37.33,37.48
mtwil,23/06/2016,eucalyptus_sideroxylon_rosea,es_45,45,8,215,31.86,29.82,48.3,47.76
mtwil,23/06/2016,eucalyptus_sideroxylon_rosea,es_45,45,9,232,27.55,27.46,39.12,40.09
mtwil,23/06/2016,eucalyptus_sideroxylon_rosea,es_45,45,10,230,21.21,21.22,39.33,40.66
mtwil,23/06/2016,eucalyptus_sideroxylon_rosea,es_45,45,11,230,27.8,27.8,43.2,43.27
mtwil,23/06/2016,eucalyptus_sideroxylon_rosea,es_45,45,12,231,26.28,27.39,42.5,42.77
mtwil,23/06/2016,eucalyptus_sideroxylon_rosea,es_45,45,13,193,23.5,23.36,33.19,31.04
mtwil,23/06/2016,eucalyptus_sideroxylon_rosea,es_45,45,14,231,26.4,26.01,34.91,34.22
mtwil,23/06/2016,eucalyptus_sideroxylon_rosea,es_45,45,15,224,27.2,26.69,41.69,42.65
mtwil,23/06/2016,eucalyptus_sideroxylon_rosea,es_45,45,16,182,23.73,22.34,32.89,30.4
mtwil,23/06/2016,eucalyptus_sideroxylon_rosea,es_45,45,17,195,29.17,29.79,48.73,48.51
mtwil,23/06/2016,eucalyptus_sideroxylon_rosea,es_45,45,18,214,27.72,27.05,40.1,40.46
mtwil,23/06/2016,eucalyptus_sideroxylon_rosea,es_45,45,19,191,27.25,27.29,40.3,37.84
mtwil,23/06/2016,eucalyptus_sideroxylon_rosea,es_45,45,20,164,24.26,23.84,35.44,37.28
mtwil,23/06/2016,eucalyptus_sideroxylon_rosea,es_45,45,21,195,24.3,24.54,33.71,33.25
mtwil,23/06/2016,eucalyptus_sideroxylon_rosea,es_45,45,22,158,32.23,31.47,39.85,41.82
mtwil,23/06/2016,eucalyptus_sideroxylon_rosea,es_45,45,23,164,28.6,27,38.89,38.97
mtwil,23/06/2016,eucalyptus_sideroxylon_rosea,es_45,45,24,165,31.04,31.15,48.7,50.02
mtwil,23/06/2016,eucalyptus_sideroxylon_rosea,es_45,45,25,196,27.72,26.75,37.27,39.22
mtwil,23/06/2016,eucalyptus_sideroxylon_rosea,es_45,45,26,200,23.5,22.4,38.84,37.82
mtwil,23/06/2016,eucalyptus_sideroxylon_rosea,es_45,45,27,195,23.16,22.97,40.17,38.19
mtwil,23/06/2016,eucalyptus_sideroxylon_rosea,es_45,45,28,172,24.91,24.6,33.76,31.27
mtwil,23/06/2016,eucalyptus_sideroxylon_rosea,es_45,45,29,194,29.8,28.7,43.57,48.41
mtwil,23/06/2016,eucalyptus_sideroxylon_rosea,es_45,45,30,202,19.14,18.95,32.78,30.19
mtwil,23/06/2016,eucalyptus_sideroxylon_rosea,es_45,45,31,157,27.79,27.35,36.55,37.65
mtwil,23/06/2016,eucalyptus_sideroxylon_rosea,es_45,45,32,190,22.03,19.21,28.78,31.15
mtwil,23/06/2016,eucalyptus_sideroxylon_rosea,es_45,45,33,170,26.53,24.78,34.56,37.37
mtwil,23/06/2016,eucalyptus_sideroxylon_rosea,es_45,45,34,162,21.28,21.15,31.28,33.9
mtwil,23/06/2016,eucalyptus_sideroxylon_rosea,es_45,45,35,195,23.59,23.17,41.03,38.23
mtwil,23/06/2016,eucalyptus_sideroxylon_rosea,es_45,45,36,184,26.43,26.31,40.65,39.69
mtwil,23/06/2016,eucalyptus_sideroxylon_rosea,es_45,45,37,175,28.77,28.65,40.32,38.05
mtwil,23/06/2016,eucalyptus_sideroxylon_rosea,es_45,45,38,187,26.94,25.37,33.92,33.35
mtwil,23/06/2016,eucalyptus_sideroxylon_rosea,es_45,45,39,171,30.22,28.5,45.65,45.83
mtwil,23/06/2016,eucalyptus_sideroxylon_rosea,es_45,45,40,141,31,30.52,50.22,50.94
mtwil,23/06/2016,eucalyptus_sideroxylon_rosea,es_45,45,41,204,22.39,22.15,29.42,29.88
mtwil,23/06/2016,eucalyptus_sideroxylon_rosea,es_45,45,42,215,30.62,31.33,45.46,46.14
mtwil,23/06/2016,eucalyptus_sideroxylon_rosea,es_45,45,43,216,25.17,25.11,37.64,38.93
mtwil,23/06/2016,eucalyptus_sideroxylon_rosea,es_45,45,44,252,30.67,31.52,50.14,53.56
mtwil,23/06/2016,eucalyptus_sideroxylon_rosea,es_45,45,45,267,23.08,22.98,30.16,30.44
mtwil,23/06/2016,eucalyptus_sideroxylon_rosea,es_100,100,1,350,42.8,46.95,67.65,69.2
mtwil,23/06/2016,eucalyptus_sideroxylon_rosea,es_100,100,2,330,41.5,40.44,61.29,57.72
mtwil,23/06/2016,eucalyptus_sideroxylon_rosea,es_100,100,3,370,42.76,42.54,58.4,57.43
mtwil,23/06/2016,eucalyptus_sideroxylon_rosea,es_100,100,4,335,42.96,44.44,63.97,64.61
mtwil,23/06/2016,eucalyptus_sideroxylon_rosea,es_100,100,5,380,38.54,38.65,54.51,53.56
mtwil,23/06/2016,eucalyptus_sideroxylon_rosea,es_100,100,6,375,42.1,40.84,61.43,58.98
mtwil,23/06/2016,eucalyptus_sideroxylon_rosea,es_100,100,7,410,44.54,45.52,60.52,58.34
mtwil,23/06/2016,eucalyptus_sideroxylon_rosea,es_100,100,8,390,55.54,55.17,73.56,72.01
mtwil,23/06/2016,eucalyptus_sideroxylon_rosea,es_100,100,9,355,46.03,45.85,66.17,66.57
mtwil,23/06/2016,eucalyptus_sideroxylon_rosea,es_100,100,10,345,45.9,44.65,77.05,75.53
mtwil,23/06/2016,eucalyptus_sideroxylon_rosea,es_100,100,11,385,47.81,47.89,80.94,81.44
mtwil,23/06/2016,eucalyptus_sideroxylon_rosea,es_100,100,12,290,39.3,39.23,61.33,59.77
mtwil,23/06/2016,eucalyptus_sideroxylon_rosea,es_100,100,13,400,52.91,53.49,72.87,75.66
mtwil,23/06/2016,eucalyptus_sideroxylon_rosea,es_100,100,14,380,44.81,47.07,62.03,66.18
mtwil,23/06/2016,eucalyptus_sideroxylon_rosea,es_100,100,15,370,44.41,44.73,63.43,63.58
mtwil,23/06/2016,eucalyptus_sideroxylon_rosea,es_100,100,16,375,46.12,46.13,74.76,77.32
mtwil,23/06/2016,eucalyptus_sideroxylon_rosea,es_100,100,17,360,44.8,46.65,60.29,62.23
mtwil,23/06/2016,eucalyptus_sideroxylon_rosea,es_100,100,18,385,42.62,43.52,57.45,61.48
mtwil,23/06/2016,eucalyptus_sideroxylon_rosea,es_100,100,19,295,37.29,37.78,55.04,57.24
mtwil,23/06/2016,eucalyptus_sideroxylon_rosea,es_100,100,20,315,49.55,50.87,59.9,65.3
mtwil,23/06/2016,eucalyptus_torquata,et-45,45,1,132,14.68,14.94,22.42,22.17
mtwil,23/06/2016,eucalyptus_torquata,et-45,45,2,141,15.08,15.07,23.16,24.3
mtwil,23/06/2016,eucalyptus_torquata,et-45,45,3,152,13.87,13.97,23.35,23.49
mtwil,23/06/2016,eucalyptus_torquata,et-45,45,4,135,14.01,14.09,22.78,22.41
mtwil,23/06/2016,eucalyptus_torquata,et-45,45,5,143,13.63,14.29,22.31,23.04
mtwil,23/06/2016,eucalyptus_torquata,et-45,45,6,156,16.16,16.15,22.61,22.46
mtwil,23/06/2016,eucalyptus_torquata,et-45,45,7,139,12.7,12.39,21.13,24.19
mtwil,23/06/2016,eucalyptus_torquata,et-45,45,8,142,14.02,14.04,21.71,23.29
mtwil,23/06/2016,eucalyptus_torquata,et-45,45,9,152,13.78,13.79,23.39,22.27
mtwil,23/06/2016,eucalyptus_torquata,et-45,45,10,144,11.77,11.78,23.53,22.86
mtwil,23/06/2016,eucalyptus_torquata,et-45,45,11,159,14.87,14.8,23,23.79
mtwil,23/06/2016,eucalyptus_torquata,et-45,45,12,141,12.18,11.93,21.58,22.06
mtwil,23/06/2016,eucalyptus_torquata,et-45,45,13,157,14.39,14.53,23.39,23.94
mtwil,23/06/2016,eucalyptus_torquata,et-45,45,14,121,13.11,13.23,21.52,21.1
mtwil,23/06/2016,eucalyptus_torquata,et-45,45,15,151,14.16,14.07,20.5,20.5
mtwil,23/06/2016,eucalyptus_torquata,et-45,45,16,153,15.6,15.64,24.45,24.78
mtwil,23/06/2016,eucalyptus_torquata,et-45,45,17,151,13.8,13.77,24.57,22.8
mtwil,23/06/2016,eucalyptus_torquata,et-45,45,18,163,14.08,13.64,23.75,25.64
mtwil,23/06/2016,eucalyptus_torquata,et-45,45,19,136,12.94,12.84,22.41,23.89
mtwil,23/06/2016,eucalyptus_torquata,et-45,45,20,152,14.32,14.32,24.67,26.32
mtwil,23/06/2016,eucalyptus_torquata,et-45,45,21,128,14.32,12.26,21.11,19.5
mtwil,23/06/2016,eucalyptus_torquata,et-45,45,22,159,16.7,16.36,24.86,26.17
mtwil,23/06/2016,eucalyptus_torquata,et-45,45,23,132,12.21,12.37,23.1,24.15
mtwil,23/06/2016,eucalyptus_torquata,et-45,45,24,132,13.77,13.79,22.86,23.64
mtwil,23/06/2016,eucalyptus_torquata,et-45,45,25,161,14.82,14.49,23.82,23.33
mtwil,23/06/2016,eucalyptus_torquata,et-45,45,26,133,11.24,11.24,26.81,25.73
mtwil,23/06/2016,eucalyptus_torquata,et-45,45,27,143,13.56,13.49,23.44,25.37
mtwil,23/06/2016,eucalyptus_torquata,et-45,45,28,143,14.27,13.48,21.29,24.16
mtwil,23/06/2016,eucalyptus_torquata,et-45,45,29,134,12.54,12.56,19.8,19.46
mtwil,23/06/2016,eucalyptus_torquata,et-45,45,30,136,11.7,11.75,21.31,22
mtwil,23/06/2016,eucalyptus_torquata,et-45,45,31,159,14.14,14.07,22.44,22.47
mtwil,23/06/2016,eucalyptus_torquata,et-45,45,32,139,17.12,17.16,22.78,23.4
mtwil,23/06/2016,eucalyptus_torquata,et-45,45,33,158,15.11,15.54,23.27,24.51
mtwil,23/06/2016,eucalyptus_torquata,et-45,45,34,138,15.61,15.23,22.56,21.24
mtwil,23/06/2016,eucalyptus_torquata,et-45,45,35,137,13.44,12.54,22.36,24.28
mtwil,23/06/2016,eucalyptus_torquata,et-45,45,36,138,15.14,15.14,23.64,25.61
mtwil,23/06/2016,eucalyptus_torquata,et-45,45,37,128,12,12.46,20.02,20.57
mtwil,23/06/2016,eucalyptus_torquata,et-45,45,38,141,13.76,13.74,24.38,23.76
mtwil,23/06/2016,eucalyptus_torquata,et-45,45,39,149,14.69,13.66,20.04,19.56
mtwil,23/06/2016,eucalyptus_torquata,et-45,45,40,141,13.74,13.25,21.99,25
mtwil,23/06/2016,eucalyptus_torquata,et-45,45,41,148,13.92,13.93,21.41,21.44
mtwil,23/06/2016,eucalyptus_torquata,et-45,45,42,163,14.85,15.68,23.71,23.09
mtwil,23/06/2016,eucalyptus_torquata,et-45,45,43,148,15.22,15.21,24.27,24.92
mtwil,23/06/2016,eucalyptus_torquata,et-45,45,44,144,13.76,13.93,21.64,20.01
mtwil,23/06/2016,eucalyptus_torquata,et-45,45,45,172,16.95,16.59,25.51,25.85
mtwil,23/06/2016,fraxinus_pennsylvanica_cimmaron,fp_45,45,1,273,24.47,25.26,36.58,36.09
mtwil,23/06/2016,fraxinus_pennsylvanica_cimmaron,fp_45,45,2,284,24.45,24.5,37.88,37.67
mtwil,23/06/2016,fraxinus_pennsylvanica_cimmaron,fp_45,45,3,286,23.31,22.3,36.97,35.49
mtwil,23/06/2016,fraxinus_pennsylvanica_cimmaron,fp_45,45,4,283,23.72,22.84,39.42,37.57
mtwil,23/06/2016,fraxinus_pennsylvanica_cimmaron,fp_45,45,5,282,24.04,23.57,38.11,37.74
mtwil,23/06/2016,fraxinus_pennsylvanica_cimmaron,fp_45,45,6,277,24.57,23.024,33.49,33.83
mtwil,23/06/2016,fraxinus_pennsylvanica_cimmaron,fp_45,45,7,294,22.83,23.09,36.77,36.24
mtwil,23/06/2016,fraxinus_pennsylvanica_cimmaron,fp_45,45,8,267,24.71,23.37,34.4,34.71
mtwil,23/06/2016,fraxinus_pennsylvanica_cimmaron,fp_45,45,9,261,26.05,25.52,36.51,35.53
mtwil,23/06/2016,fraxinus_pennsylvanica_cimmaron,fp_45,45,10,283,26.14,25.02,37.91,39.06
mtwil,23/06/2016,fraxinus_pennsylvanica_cimmaron,fp_45,45,11,252,24.98,23.75,32.08,31.84
mtwil,23/06/2016,fraxinus_pennsylvanica_cimmaron,fp_45,45,12,281,23.88,23.97,35.93,36.19
mtwil,23/06/2016,fraxinus_pennsylvanica_cimmaron,fp_45,45,13,259,25.33,24.11,36.39,35.9
mtwil,23/06/2016,fraxinus_pennsylvanica_cimmaron,fp_45,45,14,297,22.57,22.96,36.42,36.94
mtwil,23/06/2016,fraxinus_pennsylvanica_cimmaron,fp_45,45,15,286,22.18,23.42,38.12,38.46
mtwil,23/06/2016,fraxinus_pennsylvanica_cimmaron,fp_45,45,16,277,23.42,21.73,37.94,38.64
mtwil,23/06/2016,fraxinus_pennsylvanica_cimmaron,fp_45,45,17,292,24.53,24.53,37.81,37.39
mtwil,23/06/2016,fraxinus_pennsylvanica_cimmaron,fp_45,45,18,285,25,24.87,36.5,37.97
mtwil,23/06/2016,fraxinus_pennsylvanica_cimmaron,fp_45,45,19,290,24.92,24.86,36.47,38.26
mtwil,23/06/2016,fraxinus_pennsylvanica_cimmaron,fp_45,45,20,270,23.24,23.5,37.57,36.12
mtwil,23/06/2016,fraxinus_pennsylvanica_cimmaron,fp_45,45,21,283,24.71,25.47,40.97,38.78
mtwil,23/06/2016,fraxinus_pennsylvanica_cimmaron,fp_45,45,22,301,24.09,25.38,46.02,46.37
mtwil,23/06/2016,fraxinus_pennsylvanica_cimmaron,fp_45,45,23,265,25.62,26.14,42.32,41.96
mtwil,23/06/2016,fraxinus_pennsylvanica_cimmaron,fp_45,45,24,272,23.88,25.12,36.23,35.87
mtwil,23/06/2016,fraxinus_pennsylvanica_cimmaron,fp_45,45,25,276,24,25.02,34.24,33.65
mtwil,23/06/2016,fraxinus_pennsylvanica_cimmaron,fp_45,45,26,292,25.93,25.93,34.71,34.12
mtwil,23/06/2016,fraxinus_pennsylvanica_cimmaron,fp_45,45,27,309,26.28,24.42,42.11,42.79
mtwil,23/06/2016,fraxinus_pennsylvanica_cimmaron,fp_45,45,28,267,28.26,28.27,43.29,43.89
mtwil,23/06/2016,fraxinus_pennsylvanica_cimmaron,fp_45,45,29,260,22.24,23.29,42.42,40.37
mtwil,23/06/2016,fraxinus_pennsylvanica_cimmaron,fp_45,45,30,294,25.78,25.96,43.04,44.31
mtwil,23/06/2016,fraxinus_pennsylvanica_cimmaron,fp_45,45,31,251,26.47,20.45,44.57,45.44
mtwil,23/06/2016,fraxinus_pennsylvanica_cimmaron,fp_45,45,32,261,23.9,24.08,43.19,41.2
mtwil,23/06/2016,fraxinus_pennsylvanica_cimmaron,fp_45,45,33,273,25.02,25.16,35.62,34.71
mtwil,23/06/2016,fraxinus_pennsylvanica_cimmaron,fp_45,45,34,274,23.21,22.64,36.68,35.79
mtwil,23/06/2016,fraxinus_pennsylvanica_cimmaron,fp_45,45,35,295,23.21,23.72,36.74,36.3
mtwil,23/06/2016,fraxinus_pennsylvanica_cimmaron,fp_45,45,36,267,25.27,25.28,33.03,34.67
mtwil,23/06/2016,fraxinus_pennsylvanica_cimmaron,fp_45,45,37,279,26.8,25.88,40.58,40.92
mtwil,23/06/2016,fraxinus_pennsylvanica_cimmaron,fp_45,45,38,291,26.56,25.72,39.09,40.37
mtwil,23/06/2016,fraxinus_pennsylvanica_cimmaron,fp_45,45,39,281,27.06,26.51,41.32,41.25
mtwil,23/06/2016,fraxinus_pennsylvanica_cimmaron,fp_45,45,40,286,26.19,26.48,43.74,44.93
mtwil,23/06/2016,fraxinus_pennsylvanica_cimmaron,fp_45,45,41,283,26.46,26.86,43.59,43.42
mtwil,23/06/2016,fraxinus_pennsylvanica_cimmaron,fp_45,45,42,282,27.15,28.05,42.13,37.98
mtwil,23/06/2016,fraxinus_pennsylvanica_cimmaron,fp_45,45,43,279,27.9,28.05,42.43,42.45
mtwil,23/06/2016,fraxinus_pennsylvanica_cimmaron,fp_45,45,44,259,29.06,27.97,38.38,40.49
mtwil,23/06/2016,fraxinus_pennsylvanica_cimmaron,fp_45,45,45,268,26.02,26.08,42.19,41.63
mtwil,23/06/2016,fraxinus_pennsylvanica_cimmaron,fp_100,100,1,345,44.64,49.54,75.17,79.89
mtwil,23/06/2016,fraxinus_pennsylvanica_cimmaron,fp_100,100,2,310,45.02,44.39,78.43,85.25
mtwil,23/06/2016,fraxinus_pennsylvanica_cimmaron,fp_100,100,3,375,46.27,49.08,92.34,93.02
mtwil,23/06/2016,fraxinus_pennsylvanica_cimmaron,fp_100,100,4,385,48.72,45.81,87.17,88.08
mtwil,23/06/2016,fraxinus_pennsylvanica_cimmaron,fp_100,100,5,380,45.51,47.23,86.21,85.29
mtwil,23/06/2016,fraxinus_pennsylvanica_cimmaron,fp_100,100,6,380,52.11,51.08,86.17,82.06
mtwil,23/06/2016,fraxinus_pennsylvanica_cimmaron,fp_100,100,7,370,46.45,46.2,90.54,94.71
mtwil,23/06/2016,fraxinus_pennsylvanica_cimmaron,fp_100,100,8,385,49.06,49.96,89.21,83.82
mtwil,23/06/2016,fraxinus_pennsylvanica_cimmaron,fp_100,100,9,355,43.66,44.54,81.01,83.33
mtwil,23/06/2016,fraxinus_pennsylvanica_cimmaron,fp_100,100,10,380,47.16,46.2,88.81,88.11
mtwil,23/06/2016,fraxinus_pennsylvanica_cimmaron,fp_100,100,11,325,45.42,45.18,80.71,78.2
mtwil,23/06/2016,fraxinus_pennsylvanica_cimmaron,fp_100,100,12,330,38.82,41.99,92.7,92.35
mtwil,23/06/2016,fraxinus_pennsylvanica_cimmaron,fp_100,100,13,360,44.08,41.6,85.6,77.62
mtwil,23/06/2016,fraxinus_pennsylvanica_cimmaron,fp_100,100,14,340,49.41,50.01,78.68,80.9
mtwil,23/06/2016,fraxinus_pennsylvanica_cimmaron,fp_100,100,15,345,39.89,41.83,87.55,83
mtwil,23/06/2016,fraxinus_pennsylvanica_cimmaron,fp_100,100,16,355,43.86,43.92,89.39,88.73
mtwil,23/06/2016,fraxinus_pennsylvanica_cimmaron,fp_100,100,17,350,46.99,48.81,101.67,94.93
mtwil,23/06/2016,fraxinus_pennsylvanica_cimmaron,fp_100,100,18,365,45.1,45.9,86.03,86.97
mtwil,23/06/2016,fraxinus_pennsylvanica_cimmaron,fp_100,100,19,335,44.38,45.57,83.25,83.31
mtwil,23/06/2016,fraxinus_pennsylvanica_cimmaron,fp_100,100,20,385,46.7,46.55,82.17,83.87
mtwil,23/06/2016,geijera_parviflora,gp_18,18,1,149,20.22,20.09,20.8,22.44
mtwil,23/06/2016,geijera_parviflora,gp_18,18,2,142.1,14.53,14.7,21.57,22.53
mtwil,23/06/2016,geijera_parviflora,gp_18,18,3,116,14.46,14.32,27.97,26.78
mtwil,23/06/2016,geijera_parviflora,gp_18,18,4,128.4,21.01,19.18,24.56,24.91
mtwil,23/06/2016,geijera_parviflora,gp_18,18,5,115.5,11.47,12.65,18.31,18.94
mtwil,23/06/2016,geijera_parviflora,gp_18,18,6,111.3,11.09,11.98,26.95,25.05
mtwil,23/06/2016,geijera_parviflora,gp_18,18,7,113.5,12.03,12.13,19.91,20.1
mtwil,23/06/2016,geijera_parviflora,gp_18,18,8,106,11.42,11.67,19.69,19.52
mtwil,23/06/2016,geijera_parviflora,gp_18,18,9,144.7,17.55,19.23,26.38,25.75
mtwil,23/06/2016,geijera_parviflora,gp_18,18,10,134,17.08,16.54,24.11,26.83
mtwil,23/06/2016,geijera_parviflora,gp_18,18,11,128.1,17.73,16.91,19.36,18.77
mtwil,23/06/2016,geijera_parviflora,gp_18,18,12,107.9,12.77,12.71,21.4,24.59
mtwil,23/06/2016,geijera_parviflora,gp_18,18,13,118.5,11.75,12.56,17.72,17.36
mtwil,23/06/2016,geijera_parviflora,gp_18,18,14,91.2,13.93,13.68,20.45,20.14
mtwil,23/06/2016,geijera_parviflora,gp_18,18,15,110.9,10.95,10.96,20.28,24.96
mtwil,23/06/2016,geijera_parviflora,gp_18,18,16,108.8,14.91,14.87,26.57,25.86
mtwil,23/06/2016,geijera_parviflora,gp_18,18,17,132.1,15.19,14.63,24.62,24.38
mtwil,23/06/2016,geijera_parviflora,gp_18,18,18,117.9,13.42,12.4,30.98,30.44
mtwil,23/06/2016,geijera_parviflora,gp_18,18,19,96.9,15.61,16.08,27.36,26.04
mtwil,23/06/2016,geijera_parviflora,gp_18,18,20,109.2,12.59,12.12,17.51,17.22
mtwil,23/06/2016,geijera_parviflora,gp_18,18,21,109.7,16.71,16.73,31.96,32.28
mtwil,23/06/2016,geijera_parviflora,gp_18,18,22,134.3,13.82,14,21.44,24.31
mtwil,23/06/2016,geijera_parviflora,gp_18,18,23,121.5,16.14,16.97,23.75,26.46
mtwil,23/06/2016,geijera_parviflora,gp_18,18,24,95,14.82,14.11,19.27,19.78
mtwil,23/06/2016,geijera_parviflora,gp_18,18,25,94.8,14.6,14.13,24.14,23.98
mtwil,23/06/2016,geijera_parviflora,gp_18,18,26,122.4,17.67,17.47,24.38,24.64
mtwil,23/06/2016,geijera_parviflora,gp_18,18,27,113.1,16.9,16.66,28.41,27.38
mtwil,23/06/2016,geijera_parviflora,gp_18,18,28,114.8,12.89,13.16,19.12,19.72
mtwil,23/06/2016,geijera_parviflora,gp_18,18,29,92.7,15.11,13.18,20.34,20.03
mtwil,23/06/2016,geijera_parviflora,gp_18,18,30,98.2,12.93,12.6,17.66,17.91
mtwil,23/06/2016,geijera_parviflora,gp_18,18,31,97.5,9.95,9.92,21.49,21.14
mtwil,23/06/2016,geijera_parviflora,gp_18,18,32,107.1,13.54,13.55,23.82,23.82
mtwil,23/06/2016,geijera_parviflora,gp_18,18,33,143.1,15.82,15.72,23.43,23.29
mtwil,23/06/2016,geijera_parviflora,gp_18,18,34,114.4,16.1,15.56,26.78,26.55
mtwil,23/06/2016,geijera_parviflora,gp_18,18,35,117.1,16.82,17.48,30.12,25.15
mtwil,23/06/2016,geijera_parviflora,gp_18,18,36,121.9,18.13,18.49,22.15,21.14
mtwil,23/06/2016,geijera_parviflora,gp_18,18,37,96.5,14.94,14.73,22.96,22.36
mtwil,23/06/2016,geijera_parviflora,gp_18,18,38,113.5,15.87,16,22.56,22.64
mtwil,23/06/2016,geijera_parviflora,gp_18,18,39,122.3,17.63,17.31,26.53,26.87
mtwil,23/06/2016,geijera_parviflora,gp_18,18,40,119.1,15.79,15.71,25.3,27.13
mtwil,23/06/2016,geijera_parviflora,gp_18,18,41,122.2,17.56,16.2,23.37,23.79
mtwil,23/06/2016,geijera_parviflora,gp_18,18,42,127,16.88,17.03,23.15,23.83
mtwil,23/06/2016,geijera_parviflora,gp_18,18,43,102.1,14.4,14.62,20.8,21.26
mtwil,23/06/2016,geijera_parviflora,gp_18,18,44,101.7,15.9,15.14,21.73,21.15
mtwil,23/06/2016,geijera_parviflora,gp_18,18,45,112.8,18.12,17.94,28.01,28.46
mtwil,23/06/2016,geijera_parviflora,gp_45,45,1,101,24.68,25.19,38.61,38.94
mtwil,23/06/2016,geijera_parviflora,gp_45,45,2,152,29.73,28.42,41.56,41.53
mtwil,23/06/2016,geijera_parviflora,gp_45,45,3,145,30.38,30.92,44.36,45.68
mtwil,23/06/2016,geijera_parviflora,gp_45,45,4,129,29.55,30.9,39.69,40.36
mtwil,23/06/2016,geijera_parviflora,gp_45,45,5,142,26.42,24.68,39.35,41.56
mtwil,23/06/2016,geijera_parviflora,gp_45,45,6,118,22.27,21.76,32.7,32.72
mtwil,23/06/2016,geijera_parviflora,gp_45,45,7,113,21.11,20.98,41.5,39.44
mtwil,23/06/2016,geijera_parviflora,gp_45,45,8,135,25.16,25.42,39.99,40.86
mtwil,23/06/2016,geijera_parviflora,gp_45,45,9,128,24.94,24.43,38.05,43.01
mtwil,23/06/2016,geijera_parviflora,gp_45,45,10,149,31.38,30.7,41.87,41.24
mtwil,23/06/2016,geijera_parviflora,gp_45,45,11,131,25.67,25.76,44.37,47.54
mtwil,23/06/2016,geijera_parviflora,gp_45,45,12,137,28.46,28.15,39.17,41.28
mtwil,23/06/2016,geijera_parviflora,gp_45,45,13,113,24.93,25.02,34.38,33.21
mtwil,23/06/2016,geijera_parviflora,gp_50,50cm,1,157,35.9,35.4,54.56,53.65
mtwil,23/06/2016,geijera_parviflora,gp_50,50cm,2,172,36.94,36.49,51,57.28
mtwil,23/06/2016,geijera_parviflora,gp_50,50cm,3,141,30.25,29.85,43.43,39.72
mtwil,23/06/2016,geijera_parviflora,gp_50,50cm,4,162,31.35,30.99,40.86,39.98
mtwil,23/06/2016,geijera_parviflora,gp_50,50cm,5,160,32.19,32.46,42.22,42.34
mtwil,23/06/2016,geijera_parviflora,gp_50,50cm,6,152,38.95,39.76,49.73,51.08
mtwil,23/06/2016,geijera_parviflora,gp_50,50cm,7,155,31.61,31.93,41.62,41.08
mtwil,23/06/2016,geijera_parviflora,gp_50,50cm,8,151,29.18,30.43,44.29,46.99
mtwil,23/06/2016,geijera_parviflora,gp_50,50cm,9,151,37.55,37.28,49.69,46.52
mtwil,23/06/2016,geijera_parviflora,gp_50,50cm,10,138,33.36,35.82,45.56,48.91
mtwil,23/06/2016,geijera_parviflora,gp_50,50cm,11,151,27.98,22.44,29.68,28.14
mtwil,23/06/2016,geijera_parviflora,gp_50,50cm,12,172,34.03,35.1,48.94,49.9
mtwil,23/06/2016,geijera_parviflora,gp_50,50cm,13,174,31.15,31.58,45.64,45.79
mtwil,23/06/2016,koelreuteria_paniculata,kp_100,100,1,260,39.85,40.24,54.65,54.22
mtwil,23/06/2016,koelreuteria_paniculata,kp_100,100,2,280,41.88,42.2,59.64,62.17
mtwil,23/06/2016,koelreuteria_paniculata,kp_100,100,3,280,38.19,36.78,56.36,54.9
mtwil,23/06/2016,koelreuteria_paniculata,kp_100,100,4,260,41.44,40.13,61.68,62.7
mtwil,23/06/2016,koelreuteria_paniculata,kp_100,100,5,300,33.53,33.78,55.63,53.72
mtwil,23/06/2016,koelreuteria_paniculata,kp_100,100,6,290,42.27,42.26,62.14,60.78
mtwil,23/06/2016,koelreuteria_paniculata,kp_100,100,7,290,32.65,33.34,52.94,54.03
mtwil,23/06/2016,koelreuteria_paniculata,kp_100,100,8,270,37.1,37.91,63.21,62.66
mtwil,23/06/2016,koelreuteria_paniculata,kp_100,100,9,275,37.45,38.09,59.5,58.18
mtwil,23/06/2016,koelreuteria_paniculata,kp_100,100,10,310,36.5,37.38,58.52,58.49
mtwil,23/06/2016,koelreuteria_paniculata,kp_100,100,11,295,45.42,46.62,66.82,68.12
mtwil,23/06/2016,koelreuteria_paniculata,kp_100,100,12,275,42.65,42.98,65.43,65.13
mtwil,23/06/2016,koelreuteria_paniculata,kp_100,100,13,315,32.05,32.06,51.62,49.37
mtwil,23/06/2016,koelreuteria_paniculata,kp_100,100,14,280,40.64,40.94,63.38,64.45
mtwil,23/06/2016,koelreuteria_paniculata,kp_100,100,15,280,47.01,47.48,67.48,64.46
mtwil,23/06/2016,koelreuteria_paniculata,kp_100,100,16,310,38.42,38.7,62.46,56.56
mtwil,23/06/2016,koelreuteria_paniculata,kp_100,100,17,300,36.63,36.36,56.34,59.12
mtwil,23/06/2016,koelreuteria_paniculata,kp_100,100,18,280,35.72,34.32,64.67,58.7
mtwil,23/06/2016,koelreuteria_paniculata,kp_100,100,19,340,36.68,36.48,58.53,57.54
mtwil,23/06/2016,koelreuteria_paniculata,kp_100,100,20,290,34.76,34.73,50.19,52.78
mtwil,23/06/2016,lagerstroemia_sioux,ls_45,45,1,237,24.29,24.26,26.65,26.54
mtwil,23/06/2016,lagerstroemia_sioux,ls_45,45,2,242,21.52,21.32,25.66,24.42
mtwil,23/06/2016,lagerstroemia_sioux,ls_45,45,3,210,23.46,23.09,23.08,22.99
mtwil,23/06/2016,lagerstroemia_sioux,ls_45,45,4,246,24.3,22.94,30.15,30.26
mtwil,23/06/2016,lagerstroemia_sioux,ls_45,45,5,247,23.26,23.25,26.57,25.48
mtwil,23/06/2016,lagerstroemia_sioux,ls_45,45,6,230,17.24,17.36,21.95,21.17
mtwil,23/06/2016,lagerstroemia_sioux,ls_45,45,7,220,23.42,22.45,24.91,24.14
mtwil,23/06/2016,lagerstroemia_sioux,ls_45,45,8,241,23.13,23.04,26.14,26.53
mtwil,23/06/2016,lagerstroemia_sioux,ls_45,45,9,251,24.73,23.55,25.4,27.91
mtwil,23/06/2016,lagerstroemia_sioux,ls_45,45,10,243,23.08,21.83,24.75,26.26
mtwil,23/06/2016,lagerstroemia_sioux,ls_45,45,11,240,22.06,22.53,25.15,25.68
mtwil,23/06/2016,lagerstroemia_sioux,ls_45,45,12,239,24.84,24.92,26.93,26.71
mtwil,23/06/2016,lagerstroemia_sioux,ls_45,45,13,227,20.2,20.24,25.13,23.96
mtwil,23/06/2016,lagerstroemia_sioux,ls_45,45,14,233,20.86,21.49,24.45,23.94
mtwil,23/06/2016,lagerstroemia_sioux,ls_45,45,15,204,23.64,24.1,28.73,27.28
mtwil,23/06/2016,lagerstroemia_sioux,ls_45,45,16,242,23.03,23.77,24.36,24.4
mtwil,23/06/2016,lagerstroemia_sioux,ls_45,45,17,208,21.87,20.54,26.49,24.4
mtwil,23/06/2016,lagerstroemia_sioux,ls_45,45,18,245,21.88,20.94,27.9,27.85
mtwil,23/06/2016,lagerstroemia_sioux,ls_45,45,19,251,24.76,22.18,30.78,29.78
mtwil,23/06/2016,lagerstroemia_sioux,ls_45,45,20,198,21.4,21.65,25.33,23.91
mtwil,23/06/2016,lagerstroemia_sioux,ls_45,45,21,224,20.93,20.95,25.33,25.08
mtwil,23/06/2016,lagerstroemia_sioux,ls_45,45,22,189,25.73,26.07,29.15,32.34
mtwil,23/06/2016,lagerstroemia_sioux,ls_45,45,23,231,23.32,22.8,25.16,27.03
mtwil,23/06/2016,lagerstroemia_sioux,ls_45,45,24,204,22.47,21.32,30.07,31.04
mtwil,23/06/2016,lagerstroemia_sioux,ls_45,45,25,194,20.92,21.63,26.95,27.51
mtwil,23/06/2016,lagerstroemia_sioux,ls_45,45,26,230,22.9,22.62,28.94,30.42
mtwil,23/06/2016,lagerstroemia_sioux,ls_45,45,27,245,21.71,21.09,25.23,23.46
mtwil,23/06/2016,lagerstroemia_sioux,ls_45,45,28,214,19.92,20.1,22.78,23.05
mtwil,23/06/2016,lagerstroemia_sioux,ls_45,45,29,225,19.92,19.88,23.1,24.88
mtwil,23/06/2016,lagerstroemia_sioux,ls_45,45,30,224,22.48,22.23,24.64,24.92
mtwil,23/06/2016,lagerstroemia_sioux,ls_45,45,31,229,20.69,20.59,30.07,31.01
mtwil,23/06/2016,lagerstroemia_sioux,ls_45,45,32,226,21.66,21.8,26.74,26.07
mtwil,23/06/2016,lagerstroemia_sioux,ls_45,45,33,222,21.46,21.13,26.85,27.12
mtwil,23/06/2016,lagerstroemia_sioux,ls_45,45,34,224,20.27,19.31,24.08,23.82
mtwil,23/06/2016,lagerstroemia_sioux,ls_45,45,35,223,23.84,23.27,28.01,29.91
mtwil,23/06/2016,lagerstroemia_sioux,ls_45,45,36,223,21.1,22.1,27.98,27.4
mtwil,23/06/2016,lagerstroemia_sioux,ls_45,45,37,238,23.36,22.08,27.84,29.07
mtwil,23/06/2016,lagerstroemia_sioux,ls_45,45,38,221,23.69,23.38,24.82,27.21
mtwil,23/06/2016,lagerstroemia_sioux,ls_45,45,39,231,23.31,24.23,27.35,29.12
mtwil,23/06/2016,lagerstroemia_sioux,ls_45,45,40,237,20.89,20.72,24.7,24.05
mtwil,23/06/2016,lagerstroemia_sioux,ls_45,45,41,242,20.97,21.12,24.47,25.52
mtwil,23/06/2016,lagerstroemia_sioux,ls_45,45,42,226,23.92,23.4,26.98,26.48
mtwil,23/06/2016,lagerstroemia_sioux,ls_45,45,43,216,19.88,19.91,26.21,26.38
mtwil,23/06/2016,lagerstroemia_sioux,ls_45,45,44,230,25.56,24.58,29.57,28.59
mtwil,23/06/2016,lagerstroemia_sioux,ls_45,45,45,222,23.24,23.15,26.38,26.23
mtwil,23/06/2016,lagerstroemia_sioux,ls_33,33cm,1,174,15.9,15.45,21.29,22.75
mtwil,23/06/2016,lagerstroemia_sioux,ls_33,33cm,2,183,16.89,17.03,21.64,20.12
mtwil,23/06/2016,lagerstroemia_sioux,ls_33,33cm,3,173,15.1,15.55,18.97,19.06
mtwil,23/06/2016,lagerstroemia_sioux,ls_33,33cm,4,186,17.27,17.93,22.51,22.81
mtwil,23/06/2016,lagerstroemia_sioux,ls_33,33cm,5,160,14.77,14.73,15.98,15.34
mtwil,23/06/2016,lagerstroemia_sioux,ls_33,33cm,6,175,14.6,14.6,17.59,17.81
mtwil,23/06/2016,lagerstroemia_sioux,ls_33,33cm,7,166,14.3,13.41,15.73,15.16
mtwil,23/06/2016,lagerstroemia_sioux,ls_33,33cm,8,185,15.46,15.72,18.92,18.6
mtwil,23/06/2016,lagerstroemia_sioux,ls_33,33cm,9,157,17.57,17.82,22.14,22.04
mtwil,23/06/2016,lagerstroemia_sioux,ls_33,33cm,10,165,16.04,16.07,18.49,18.75
mtwil,23/06/2016,lagerstroemia_sioux,ls_33,33cm,11,187,16.93,16.47,20.98,19.25
mtwil,23/06/2016,lagerstroemia_sioux,ls_33,33cm,12,145,15.38,15.49,17.42,17.81
mtwil,23/06/2016,lagerstroemia_sioux,ls_33,33cm,13,173,14.75,14.77,19.93,19.19
mtwil,23/06/2016,lagerstroemia_sioux,ls_33,33cm,14,162,16.86,16.21,16.65,16.74
mtwil,23/06/2016,lagerstroemia_sioux,ls_33,33cm,15,179,15.95,13.98,20.86,24.81
mtwil,23/06/2016,lagerstroemia_sioux,ls_33,33cm,16,169,17.43,17.8,23.11,21.44
mtwil,23/06/2016,lagerstroemia_sioux,ls_33,33cm,17,161,16.28,16.46,18.84,20.08
mtwil,23/06/2016,lagerstroemia_sioux,ls_33,33cm,18,151,16.4,16.25,19.67,19.3
mtwil,23/06/2016,lagerstroemia_sioux,ls_33,33cm,19,183,16.49,14.91,21.95,21.15
mtwil,23/06/2016,lagerstroemia_sioux,ls_33,33cm,20,176,16.9,15.8,17.23,16.52
mtwil,23/06/2016,lagerstroemia_sioux,ls_33,33cm,21,181,16.12,15.66,17.7,17.17
mtwil,23/06/2016,lagerstroemia_sioux,ls_33,33cm,22,166,15.74,15.84,18.49,17.84
mtwil,23/06/2016,lagerstroemia_sioux,ls_33,33cm,23,187,13.97,14.35,16.15,16.14
mtwil,23/06/2016,lagerstroemia_sioux,ls_33,33cm,24,166,14.12,14.23,17.03,16.75
mtwil,23/06/2016,lagerstroemia_sioux,ls_33,33cm,25,174,15.54,15.38,17.69,17.16
mtwil,23/06/2016,lagerstroemia_sioux,ls_33,33cm,26,173,13.37,13.71,18.58,19.08
mtwil,23/06/2016,lagerstroemia_sioux,ls_33,33cm,27,182,14.89,14.13,18.01,17.55
mtwil,23/06/2016,lagerstroemia_sioux,ls_33,33cm,28,182,17.37,16.71,20.06,20.51
mtwil,23/06/2016,lagerstroemia_sioux,ls_33,33cm,29,166,15.07,14.9,18.06,17.63
mtwil,23/06/2016,lophestemon_confertus,lc-45,45,1,255,37.99,37.86,53.8,53.82
mtwil,23/06/2016,lophestemon_confertus,lc-45,45,2,266,30.51,29.39,43.76,43.5
mtwil,23/06/2016,lophestemon_confertus,lc-45,45,3,265,25.02,22.94,41.56,40.54
mtwil,23/06/2016,lophestemon_confertus,lc-45,45,4,220,30.45,31.5,44.45,44.56
mtwil,23/06/2016,lophestemon_confertus,lc-45,45,5,209,31.16,30.44,46.11,45.04
mtwil,23/06/2016,lophestemon_confertus,lc-45,45,6,211,23.85,23.81,38.28,36.92
mtwil,23/06/2016,lophestemon_confertus,lc-45,45,7,227,26.93,27.29,41.55,41.33
mtwil,23/06/2016,lophestemon_confertus,lc-45,45,8,252,26.86,26.92,36.98,36.68
mtwil,23/06/2016,lophestemon_confertus,lc-45,45,9,258,28.91,29.72,48.6,49.48
mtwil,23/06/2016,lophestemon_confertus,lc-45,45,10,269,29.72,30.17,47.32,45.38
mtwil,23/06/2016,lophestemon_confertus,lc-45,45,11,234,23.17,23.28,38.23,37.22
mtwil,23/06/2016,lophestemon_confertus,lc-45,45,12,239,23.51,23.64,43.21,43.23
mtwil,23/06/2016,lophestemon_confertus,lc-45,45,13,180,25.72,25.79,43.44,43.6
mtwil,23/06/2016,lophestemon_confertus,lc-45,45,14,200,31.5,31.81,48.79,50.01
mtwil,23/06/2016,lophestemon_confertus,lc-45,45,15,226,30.31,30.22,41.91,43.26
mtwil,23/06/2016,lophestemon_confertus,lc-45,45,16,250,24.89,26.33,42.42,41.3
mtwil,23/06/2016,lophestemon_confertus,lc-45,45,17,185,21.35,22.32,36.19,36.15
mtwil,23/06/2016,lophestemon_confertus,lc-45,45,18,228,24.86,24.78,39.3,39.36
mtwil,23/06/2016,lophestemon_confertus,lc-45,45,19,221,29,28.47,45.88,46
mtwil,23/06/2016,lophestemon_confertus,lc-45,45,20,186,30.67,31.28,41.51,45.44
mtwil,23/06/2016,lophestemon_confertus,lc-45,45,21,213,27.93,30.74,44.62,46.35
mtwil,23/06/2016,lophestemon_confertus,lc-45,45,22,204,25.56,27.52,42.72,42.83
mtwil,23/06/2016,lophestemon_confertus,lc-45,45,23,168,25.44,25.49,38.49,36.59
mtwil,23/06/2016,lophestemon_confertus,lc-45,45,24,245,28.79,29.6,43.12,45.01
mtwil,23/06/2016,lophestemon_confertus,lc-45,45,25,196,23.8,23.73,48.1,47.15
mtwil,23/06/2016,lophestemon_confertus,lc-45,45,26,209,27.16,27.27,44.08,45.89
mtwil,23/06/2016,lophestemon_confertus,lc-45,45,27,206,24.11,26.57,41.95,40.62
mtwil,23/06/2016,lophestemon_confertus,lc-45,45,28,216,26.25,25.75,43.02,45.43
mtwil,23/06/2016,lophestemon_confertus,lc-45,45,29,217,23.77,24.06,47.59,48.12
mtwil,23/06/2016,lophestemon_confertus,lc-45,45,30,240,31.08,32.2,49.21,49.15
mtwil,23/06/2016,lophestemon_confertus,lc-45,45,31,187,28.64,30.16,47.17,45.21
mtwil,23/06/2016,lophestemon_confertus,lc-45,45,32,211,25.47,26.88,45.22,47.15
mtwil,23/06/2016,lophestemon_confertus,lc-45,45,33,179,27.1,26.28,40.07,43.97
mtwil,23/06/2016,lophestemon_confertus,lc-45,45,34,223,24.98,25.55,43.69,42.57
mtwil,23/06/2016,lophestemon_confertus,lc-45,45,35,243,26.03,26.39,43.36,40.51
mtwil,23/06/2016,lophestemon_confertus,lc-45,45,36,246,25.32,24.69,41.92,43.15
mtwil,23/06/2016,lophestemon_confertus,lc-45,45,37,224,29.29,30.67,54.68,52.68
mtwil,23/06/2016,lophestemon_confertus,lc-45,45,38,256,24.62,24.6,45.59,46.52
mtwil,23/06/2016,lophestemon_confertus,lc-45,45,39,266,23.34,23.59,41.98,43.28
mtwil,23/06/2016,lophestemon_confertus,lc-45,45,40,240,32.12,32.48,43.86,45.87
mtwil,23/06/2016,lophestemon_confertus,lc-45,45,41,240,26.62,27.58,45.77,42.92
mtwil,23/06/2016,lophestemon_confertus,lc-45,45,42,234,29.64,31.65,51.19,51.4
mtwil,23/06/2016,lophestemon_confertus,lc-45,45,43,257,25.73,27.36,51.79,50.72
mtwil,23/06/2016,lophestemon_confertus,lc-45,45,44,234,25.55,26.61,44.76,44.69
mtwil,23/06/2016,lophestemon_confertus,lc-45,45,45,201,22.28,22.97,41.1,45.25
mtwil,23/06/2016,pistacia_chinensis,pc_18,18,1,149,11.48,11.75,17.2,18.33
mtwil,23/06/2016,pistacia_chinensis,pc_18,18,2,177,12.25,12.91,17.11,16.05
mtwil,23/06/2016,pistacia_chinensis,pc_18,18,3,157,12.38,12.46,17.55,18.17
mtwil,23/06/2016,pistacia_chinensis,pc_18,18,4,145,15.7,15.16,22.77,22.48
mtwil,23/06/2016,pistacia_chinensis,pc_18,18,5,154,13.39,13.84,20.1,19.63
mtwil,23/06/2016,pistacia_chinensis,pc_18,18,6,178,14.29,14.03,19.16,19.13
mtwil,23/06/2016,pistacia_chinensis,pc_18,18,7,158,12.9,12.98,18.35,18.71
mtwil,23/06/2016,pistacia_chinensis,pc_18,18,8,159,13.48,13.47,19.13,19.75
mtwil,23/06/2016,pistacia_chinensis,pc_18,18,9,167,14.48,14.46,22.55,21.3
mtwil,23/06/2016,pistacia_chinensis,pc_18,18,10,163,11.69,11.9,17.78,17.36
mtwil,23/06/2016,pistacia_chinensis,pc_18,18,11,144,10.66,11.38,16.98,17.54
mtwil,23/06/2016,pistacia_chinensis,pc_18,18,12,165,14.2,14.07,17.36,17.94
mtwil,23/06/2016,pistacia_chinensis,pc_18,18,13,173,10.96,11.67,19.24,18.76
mtwil,23/06/2016,pistacia_chinensis,pc_18,18,14,119,11.66,12.07,22.47,22.8
mtwil,23/06/2016,pistacia_chinensis,pc_18,18,15,130,12.47,12.25,19.26,18.92
mtwil,23/06/2016,pistacia_chinensis,pc_18,18,16,160,13.27,12.55,19.5,19.69
mtwil,23/06/2016,pistacia_chinensis,pc_18,18,17,171,14.38,14.39,17.88,17.98
mtwil,23/06/2016,pistacia_chinensis,pc_18,18,18,150,10.55,10.62,18.3,18.62
mtwil,23/06/2016,pistacia_chinensis,pc_18,18,19,152,9.09,9.14,13.36,13.16
mtwil,23/06/2016,pistacia_chinensis,pc_18,18,20,154,12.79,11.91,18.74,19.76
mtwil,23/06/2016,pistacia_chinensis,pc_18,18,21,159,14.87,14.84,23.62,24.24
mtwil,23/06/2016,pistacia_chinensis,pc_18,18,22,170,11.92,12.43,18.17,18.45
mtwil,23/06/2016,pistacia_chinensis,pc_18,18,23,207,13.56,13.83,22.61,21.22
mtwil,23/06/2016,pistacia_chinensis,pc_18,18,24,179,11.71,11.91,17.59,17.36
mtwil,23/06/2016,pistacia_chinensis,pc_18,18,25,171,12.82,12.96,16.7,17.19
mtwil,23/06/2016,pistacia_chinensis,pc_18,18,26,140,9.36,9.25,15.34,15.41
mtwil,23/06/2016,pistacia_chinensis,pc_18,18,27,158,11.61,11.52,18.06,17.84
mtwil,23/06/2016,pistacia_chinensis,pc_18,18,28,162,11.89,11.45,16.44,18.08
mtwil,23/06/2016,pistacia_chinensis,pc_18,18,29,154,14.42,14.42,21.61,22.18
mtwil,23/06/2016,pistacia_chinensis,pc_18,18,30,181,14.63,14.98,19.23,19.74
mtwil,23/06/2016,pistacia_chinensis,pc_18,18,31,165,10.53,10.86,16.18,16.53
mtwil,23/06/2016,pistacia_chinensis,pc_18,18,32,156,13.45,13.58,19.37,19.34
mtwil,23/06/2016,pistacia_chinensis,pc_18,18,33,157,13.58,13.22,17.76,18.92
mtwil,23/06/2016,pistacia_chinensis,pc_18,18,34,146,13.64,13.83,21.31,20.45
mtwil,23/06/2016,pistacia_chinensis,pc_18,18,35,157,10.42,10.5,15.84,16.22
mtwil,23/06/2016,pistacia_chinensis,pc_18,18,36,149,16.14,15.44,20.18,20.4
mtwil,23/06/2016,pistacia_chinensis,pc_18,18,37,105,10.56,10.57,20.93,20.34
mtwil,23/06/2016,pistacia_chinensis,pc_18,18,38,157,14.46,14.53,22.08,21.78
mtwil,23/06/2016,pistacia_chinensis,pc_18,18,39,128,11.35,11.27,16.64,17.14
mtwil,23/06/2016,pistacia_chinensis,pc_18,18,40,151,13.42,12.4,19.65,17.4
mtwil,23/06/2016,pistacia_chinensis,pc_18,18,41,157,10.39,9.22,16.38,16.8
mtwil,23/06/2016,pistacia_chinensis,pc_18,18,42,175,11.81,11.85,16.63,17.41
mtwil,23/06/2016,pistacia_chinensis,pc_18,18,43,169,14.81,13.89,15.65,16.58
mtwil,23/06/2016,pistacia_chinensis,pc_18,18,44,152,13.72,13.73,20.23,20.01
mtwil,23/06/2016,pistacia_chinensis,pc_18,18,45,155,10.3,10.47,18.92,19.76
mtwil,23/06/2016,pistacia_chinensis,pc_45,45,1,335,28.32,28.85,35.44,36.24
mtwil,23/06/2016,pistacia_chinensis,pc_45,45,2,320,26.48,25.04,40.94,36.1
mtwil,23/06/2016,pistacia_chinensis,pc_45,45,3,375,23.67,26.33,36.83,34.2
mtwil,23/06/2016,pistacia_chinensis,pc_45,45,4,310,23.82,23.31,31.57,32.54
mtwil,23/06/2016,pistacia_chinensis,pc_45,45,5,262,24.07,24.04,34.28,37.09
mtwil,23/06/2016,pistacia_chinensis,pc_45,45,6,335,27.69,27.65,27.79,36.53
mtwil,23/06/2016,pistacia_chinensis,pc_45,45,7,140,22.26,22.1,29.21,30.6
mtwil,23/06/2016,pistacia_chinensis,pc_45,45,8,230,29.22,30.16,44.02,44.68
mtwil,23/06/2016,pistacia_chinensis,pc_45,45,9,293,27.37,27.96,38.6,40.31
mtwil,23/06/2016,pistacia_chinensis,pc_45,45,10,285,26.33,26.87,37.35,37.89
mtwil,23/06/2016,pistacia_chinensis,pc_45,45,11,325,26.76,27.7,36.64,37.64
mtwil,23/06/2016,pistacia_chinensis,pc_45,45,12,245,23.84,23.87,33.8,36.96
mtwil,23/06/2016,pistacia_chinensis,pc_45,45,13,340,24.83,25.25,35.78,35.45
mtwil,23/06/2016,pistacia_chinensis,pc_45,45,14,385,26.8,26.89,40.2,40.07
mtwil,23/06/2016,pistacia_chinensis,pc_45,45,15,320,28.56,28.49,44.47,41.58
mtwil,23/06/2016,pistacia_chinensis,pc_45,45,16,310,27.92,28.05,40.09,37.85
mtwil,23/06/2016,pistacia_chinensis,pc_45,45,17,225,24.47,24.67,32.55,34.07
mtwil,23/06/2016,pistacia_chinensis,pc_45,45,18,365,24.58,25.17,36.54,35.28
mtwil,23/06/2016,pistacia_chinensis,pc_45,45,19,320,17.59,17.38,27.15,27.74
mtwil,23/06/2016,pistacia_chinensis,pc_45,45,20,345,31.98,30.42,38.91,38.76
mtwil,23/06/2016,pistacia_chinensis,pc_45,45,21,335,27.47,27.51,38.23,40.27
mtwil,23/06/2016,pistacia_chinensis,pc_45,45,22,390,33.39,30.96,46.93,45.88
mtwil,23/06/2016,pistacia_chinensis,pc_45,45,23,300,25.47,24.73,34.18,35.89
mtwil,23/06/2016,pistacia_chinensis,pc_45,45,24,330,26.43,26.81,35.84,35.86
mtwil,23/06/2016,pistacia_chinensis,pc_45,45,25,350,28,27.65,36.1,39.03
mtwil,23/06/2016,pistacia_chinensis,pc_45,45,26,315,35.82,34.8,48.72,47.55
mtwil,23/06/2016,pistacia_chinensis,pc_45,45,27,300,30.18,30.7,39.12,38.27
mtwil,23/06/2016,pistacia_chinensis,pc_45,45,28,310,25.3,25.47,31.22,34.44
mtwil,23/06/2016,pistacia_chinensis,pc_45,45,29,325,22.92,22.7,34.14,34.59
mtwil,23/06/2016,pistacia_chinensis,pc_45,45,30,195,21,20.55,31.99,30.17
mtwil,23/06/2016,pistacia_chinensis,pc_45,45,31,310,30.19,30.57,41.01,43.27
mtwil,23/06/2016,pistacia_chinensis,pc_45,45,32,355,28.1,27.99,39.14,41.71
mtwil,23/06/2016,pistacia_chinensis,pc_45,45,33,360,42.49,42.8,65.62,73.4
mtwil,23/06/2016,pistacia_chinensis,pc_45,45,34,320,25.6,25.43,32.57,32.02
mtwil,23/06/2016,pistacia_chinensis,pc_45,45,35,340,32.16,32.39,40.03,39.47
mtwil,23/06/2016,pistacia_chinensis,pc_45,45,36,275,29.23,29.56,38.89,39.45
mtwil,23/06/2016,pistacia_chinensis,pc_45,45,37,225,20.81,20.35,33.7,32.32
mtwil,23/06/2016,pistacia_chinensis,pc_45,45,38,310,21.19,21.12,32.87,35.26
mtwil,23/06/2016,pistacia_chinensis,pc_45,45,39,340,26.74,26.5,36.17,38.97
mtwil,23/06/2016,pistacia_chinensis,pc_45,45,40,290,26.32,25.84,39.56,39.07
mtwil,23/06/2016,pistacia_chinensis,pc_45,45,41,335,30.94,30.37,43.86,44.68
mtwil,23/06/2016,pistacia_chinensis,pc_45,45,42,183,20.79,20.88,32.1,34.33
mtwil,23/06/2016,pistacia_chinensis,pc_45,45,43,320,25.61,25.12,30.91,33.15
mtwil,23/06/2016,pistacia_chinensis,pc_45,45,44,370,28.75,29.4,45.02,45.63
mtwil,23/06/2016,pistacia_chinensis,pc_45,45,45,330,21.36,21.39,30.96,29.78
mtwil,23/06/2016,pistacia_chinensis,pc_100,100,1,300,51.6,51.23,83.25,79.65
mtwil,23/06/2016,pistacia_chinensis,pc_100,100,2,290,43.52,43.79,78.84,78.38
mtwil,23/06/2016,pistacia_chinensis,pc_100,100,3,295,50.47,49.77,76.43,79.88
mtwil,23/06/2016,pistacia_chinensis,pc_100,100,4,290,51.25,52.09,76.58,81.97
mtwil,23/06/2016,pistacia_chinensis,pc_100,100,5,285,48.83,52,82.46,84.43
mtwil,23/06/2016,pistacia_chinensis,pc_100,100,6,270,42.97,42.79,76.8,77.24
mtwil,23/06/2016,pistacia_chinensis,pc_100,100,7,280,48.01,50.1,81.16,74.81
mtwil,23/06/2016,pistacia_chinensis,pc_100,100,8,250,56.15,55.98,85.65,83.82
mtwil,23/06/2016,pistacia_chinensis,pc_100,100,9,240,40.73,39.67,64.64,66.51
mtwil,23/06/2016,pistacia_chinensis,pc_100,100,10,270,50.61,50.54,69.22,66.61
mtwil,23/06/2016,pistacia_chinensis,pc_100,100,11,280,53.74,55.92,82.45,84.68
mtwil,23/06/2016,pistacia_chinensis,pc_100,100,12,260,53.45,52.15,78.3,82.07
mtwil,23/06/2016,pistacia_chinensis,pc_100,100,13,270,40.31,39.73,74.5,75.23
mtwil,23/06/2016,pistacia_chinensis,pc_100,100,14,250,51.07,49.29,69.13,75.14
mtwil,23/06/2016,pistacia_chinensis,pc_100,100,15,270,48.6,45.95,73.53,79.4
mtwil,23/06/2016,pistacia_chinensis,pc_100,100,16,265,37.18,37.22,58.16,60.55
mtwil,23/06/2016,pistacia_chinensis,pc_200,200,1,430,63.34,68.28,93.44,88.45
mtwil,23/06/2016,pistacia_chinensis,pc_200,200,2,530,65.44,64.41,90.87,91.85
mtwil,23/06/2016,pistacia_chinensis,pc_200,200,3,385,71.52,69.55,103.98,104.82
mtwil,23/06/2016,pistacia_chinensis,pc_200,200,4,400,66.58,63.9,90.13,86.98
mtwil,23/06/2016,pistacia_chinensis,pc_200,200,5,460,66.05,66,103.39,101.47
mtwil,23/06/2016,pistacia_chinensis,pc_200,200,6,440,68.66,75.94,90.85,99.55
mtwil,23/06/2016,pistacia_chinensis,pc_200,200,7,485,63.75,60.54,94.29,87.94
mtwil,23/06/2016,pistacia_chinensis,pc_200,200,8,470,69.12,71.22,96.23,92.41
mtwil,23/06/2016,pistacia_chinensis,pc_200,200,9,350,81.84,83.85,102.16,111.07
mtwil,23/06/2016,pistacia_chinensis,pc_200,200,10,365,71.87,70.44,96.02,96.58
mtwil,23/06/2016,pistacia_chinensis,pc_200,200,11,335,72.67,73.66,93.45,94.84
mtwil,23/06/2016,pistacia_chinensis,pc_200,200,12,350,62.52,63.19,88.94,91.82
mtwil,23/06/2016,pistacia_chinensis,pc_200,200,13,400,77.85,75.23,91.76,96.55
mtwil,23/06/2016,pistacia_chinensis,pc_200,200,14,440,77.62,80.75,102.32,88.38
mtwil,23/06/2016,pistacia_chinensis,pc_200,200,15,360,71.34,73.25,87.71,101.49
mtwil,23/06/2016,pistacia_chinensis,pc_200,200,16,400,64.8,63.2,95.09,91.27
mtwil,23/06/2016,pistacia_chinensis,pc_200,200,17,420,55.68,59.05,88.59,86.82
mtwil,23/06/2016,pistacia_chinensis,pc_200,200,18,410,64.78,65,86.58,87.14
mtwil,23/06/2016,pistacia_chinensis,pc_200,200,19,390,76.47,76.71,106.31,96.11
mtwil,23/06/2016,pistacia_chinensis,pc_200,200,20,320,77.16,78.62,102.5,110.17
mtwil,23/06/2016,platanus_orientalis_insularis,po-100,100,1,325,43.48,42.67,53.75,53.38
mtwil,23/06/2016,platanus_orientalis_insularis,po-100,100,2,330,38.24,38.41,45.31,50.19
mtwil,23/06/2016,platanus_orientalis_insularis,po-100,100,3,315,40.16,40.59,48.22,45.55
mtwil,23/06/2016,platanus_orientalis_insularis,po-100,100,4,310,37.27,36.2,48.49,52.97
mtwil,23/06/2016,platanus_orientalis_insularis,po-100,100,5,300,37.9,37.22,52.56,48.2
mtwil,23/06/2016,platanus_orientalis_insularis,po-100,100,6,315,38.79,37.13,47.65,45.74
mtwil,23/06/2016,platanus_orientalis_insularis,po-100,100,7,330,40.13,41.05,45.33,45.69
mtwil,23/06/2016,platanus_orientalis_insularis,po-100,100,8,325,39.07,40.35,50.62,50.08
mtwil,23/06/2016,platanus_orientalis_insularis,po-100,100,9,340,40.15,40.79,50.83,50.53
mtwil,23/06/2016,platanus_orientalis_insularis,po-100,100,10,290,37.37,36.08,46.22,44.48
mtwil,23/06/2016,platanus_orientalis_insularis,po-100,100,11,315,38.66,39.16,48.87,48.4
mtwil,23/06/2016,platanus_orientalis_insularis,po-100,100,12,335,35,37,45.8,45.42
mtwil,23/06/2016,platanus_orientalis_insularis,po-100,100,13,330,40.3,37.07,50.24,55.88
mtwil,23/06/2016,platanus_orientalis_insularis,po-100,100,14,305,35.41,36.55,41.59,41.49
mtwil,23/06/2016,platanus_orientalis_insularis,po-100,100,15,295,36.31,36.47,51.49,48.11
mtwil,23/06/2016,platanus_orientalis_insularis,po-100,100,16,330,44.5,42.02,59.48,49.99
mtwil,23/06/2016,platanus_orientalis_insularis,po-100,100,17,320,37.3,37.83,42.91,44.57
mtwil,23/06/2016,platanus_orientalis_insularis,po-100,100,18,340,39.54,40.8,47.11,47.64
mtwil,23/06/2016,platanus_orientalis_insularis,po-100,100,19,315,38.44,36.82,46.19,46.64
mtwil,23/06/2016,platanus_orientalis_insularis,po-100,100,20,330,37.65,38.56,50.62,51.76
mtwil,23/06/2016,platanus_orientalis_insularis,po_45,45,1,235,32.98,34.85,47.95,46.12
mtwil,23/06/2016,platanus_orientalis_insularis,po_45,45,2,245,28.99,37.15,37,36.6
mtwil,23/06/2016,platanus_orientalis_insularis,po_45,45,3,260,30.11,29.53,41.01,40.83
mtwil,23/06/2016,platanus_orientalis_insularis,po_45,45,4,260,31.28,30.97,38.8,37.94
mtwil,23/06/2016,platanus_orientalis_insularis,po_45,45,5,270,28.46,28.77,42.48,42.85
mtwil,23/06/2016,platanus_orientalis_insularis,po_45,45,6,260,29.71,29.46,34.97,35.75
mtwil,23/06/2016,platanus_orientalis_insularis,po_45,45,7,275,31.07,30.99,38.48,38.13
mtwil,23/06/2016,platanus_orientalis_insularis,po_45,45,8,265,31.56,32.21,40.28,42.5
mtwil,23/06/2016,platanus_orientalis_insularis,po_45,45,9,260,29.95,27.91,33.27,33.18
mtwil,23/06/2016,platanus_orientalis_insularis,po_45,45,10,235,29.86,29.57,36.21,36.43
mtwil,23/06/2016,platanus_orientalis_insularis,po_45,45,11,245,24.55,25.88,31.99,31.71
mtwil,23/06/2016,platanus_orientalis_insularis,po_45,45,12,265,32.34,31.31,40.85,42.33
mtwil,23/06/2016,platanus_orientalis_insularis,po_45,45,13,260,34.94,35.64,44.45,42.51
mtwil,23/06/2016,platanus_orientalis_insularis,po_45,45,14,230,32.71,32.4,46.43,52.52
mtwil,23/06/2016,platanus_orientalis_insularis,po_45,45,15,265,33.6,33,44.36,44.51
mtwil,23/06/2016,platanus_orientalis_insularis,po_45,45,16,250,31.73,33.15,38.22,40.65
mtwil,23/06/2016,platanus_orientalis_insularis,po_45,45,17,270,32,32.39,40.83,43.64
mtwil,23/06/2016,platanus_orientalis_insularis,po_45,45,18,264,34.7,33.83,42.03,43.69
mtwil,23/06/2016,platanus_orientalis_insularis,po_45,45,19,236,28.06,27.16,32.27,35.99
mtwil,23/06/2016,platanus_orientalis_insularis,po_45,45,20,270,34,33.55,40.15,42.02
mtwil,23/06/2016,platanus_orientalis_insularis,po_45,45,21,266,31.46,29.75,38.04,40.31
mtwil,23/06/2016,platanus_orientalis_insularis,po_45,45,22,275,30.58,32.01,43.1,45.93
mtwil,23/06/2016,platanus_orientalis_insularis,po_45,45,23,290,34.73,34.39,42.6,43.88
mtwil,23/06/2016,platanus_orientalis_insularis,po_45,45,24,263,32.59,33.32,49.24,43.53
mtwil,23/06/2016,platanus_orientalis_insularis,po_45,45,25,290,37.55,35.49,41.03,42.52
mtwil,23/06/2016,platanus_orientalis_insularis,po_45,45,26,285,31.69,31.59,45.75,43.75
mtwil,23/06/2016,platanus_orientalis_insularis,po_45,45,27,272,35.41,35.9,47.02,44.11
mtwil,23/06/2016,platanus_orientalis_insularis,po_45,45,28,275,34.35,35.23,38.26,37.37
mtwil,23/06/2016,platanus_orientalis_insularis,po_45,45,29,270,34.01,32.24,39.55,42.7
mtwil,23/06/2016,platanus_orientalis_insularis,po_45,45,30,285,36.19,35.55,40.73,39.38
mtwil,23/06/2016,platanus_orientalis_insularis,po_45,45,31,274,32.88,32.72,40.04,41.18
mtwil,23/06/2016,platanus_orientalis_insularis,po_45,45,32,281,33.63,33.33,41.59,39.72
mtwil,23/06/2016,platanus_orientalis_insularis,po_45,45,33,275,31.35,31.09,36.46,39.82
mtwil,23/06/2016,platanus_orientalis_insularis,po_45,45,34,260,33.25,31.82,39.06,38.76
mtwil,23/06/2016,platanus_orientalis_insularis,po_45,45,35,240,34.84,34.13,43.73,41.91
mtwil,23/06/2016,platanus_orientalis_insularis,po_45,45,36,290,33.76,32.46,40.82,39.22
mtwil,23/06/2016,platanus_orientalis_insularis,po_45,45,37,290,33.21,33.56,39.95,42.68
mtwil,23/06/2016,platanus_orientalis_insularis,po_45,45,38,260,29.62,29.92,43.3,42.62
mtwil,23/06/2016,platanus_orientalis_insularis,po_45,45,39,245,33.22,33.59,43.67,43.31
mtwil,23/06/2016,platanus_orientalis_insularis,po_45,45,40,270,31.74,30.32,40.66,39.73
mtwil,23/06/2016,platanus_orientalis_insularis,po_45,45,41,268,34.32,32.95,41.26,42.12
mtwil,23/06/2016,platanus_orientalis_insularis,po_45,45,42,290,35.21,33.16,42.94,45.79
mtwil,23/06/2016,platanus_orientalis_insularis,po_45,45,43,270,36.08,36.98,45.4,45.42
mtwil,23/06/2016,platanus_orientalis_insularis,po_45,45,44,300,31.8,31.75,43.01,40.44
mtwil,23/06/2016,platanus_orientalis_insularis,po_45,45,45,295,34.26,36.02,42.56,43.13
mtwil,23/06/2016,eucalyptus_leucoxylon_megalocarpa,el_45,45,1,171,23.86,23.97,38.78,35.38
mtwil,23/06/2016,eucalyptus_leucoxylon_megalocarpa,el_45,45,2,189,20.13,19.82,28.95,30.94
mtwil,23/06/2016,eucalyptus_leucoxylon_megalocarpa,el_45,45,3,182,26.64,27.95,36.89,35.27
mtwil,23/06/2016,eucalyptus_leucoxylon_megalocarpa,el_45,45,4,183,20.81,21.26,30.88,30.36
mtwil,23/06/2016,eucalyptus_leucoxylon_megalocarpa,el_45,45,5,189,23.81,22.7,33.39,33.44
mtwil,23/06/2016,eucalyptus_leucoxylon_megalocarpa,el_45,45,6,191,24.61,24.65,34.92,32.69
mtwil,23/06/2016,eucalyptus_leucoxylon_megalocarpa,el_45,45,7,217,16.91,17.53,27.68,26.62
mtwil,23/06/2016,eucalyptus_leucoxylon_megalocarpa,el_45,45,8,154,17.8,16.5,31.28,28.22
mtwil,23/06/2016,eucalyptus_leucoxylon_megalocarpa,el_45,45,9,215,16.12,15.99,29.72,28.02
mtwil,23/06/2016,eucalyptus_leucoxylon_megalocarpa,el_45,45,10,188,23.27,23.27,30.4,33.24
mtwil,23/06/2016,eucalyptus_leucoxylon_megalocarpa,el_45,45,11,185,19.66,20.18,27.95,28.15
mtwil,23/06/2016,eucalyptus_leucoxylon_megalocarpa,el_45,45,12,185,24.08,23.48,33.52,31.82
mtwil,23/06/2016,eucalyptus_leucoxylon_megalocarpa,el_45,45,13,219,20.9,21.73,33.84,34.86
mtwil,23/06/2016,eucalyptus_leucoxylon_megalocarpa,el_45,45,14,208,23.1,22.69,30.13,30.14
mtwil,23/06/2016,eucalyptus_leucoxylon_megalocarpa,el_45,45,15,174,18.93,19.32,27.85,28.39
mtwil,23/06/2016,eucalyptus_leucoxylon_megalocarpa,el_45,45,16,163,20.41,19.08,26.45,28.24
mtwil,23/06/2016,eucalyptus_leucoxylon_megalocarpa,el_45,45,17,212,23.23,23.48,34.32,35.84
mtwil,23/06/2016,eucalyptus_leucoxylon_megalocarpa,el_45,45,18,220,24.81,24.46,36.63,36.87
mtwil,23/06/2016,eucalyptus_leucoxylon_megalocarpa,el_45,45,19,219,26.79,25.28,36.74,36.14
mtwil,23/06/2016,eucalyptus_leucoxylon_megalocarpa,el_45,45,20,216,23.76,23.89,31.3,32.23
mtwil,23/06/2016,eucalyptus_leucoxylon_megalocarpa,el_45,45,21,221,28.8,29.2,35.99,37.96
mtwil,23/06/2016,eucalyptus_leucoxylon_megalocarpa,el_45,45,22,207,23.78,22.08,31.74,31.64
mtwil,23/06/2016,eucalyptus_leucoxylon_megalocarpa,el_45,45,23,181,31.44,30.52,37.86,40.63
mtwil,23/06/2016,eucalyptus_leucoxylon_megalocarpa,el_45,45,24,206,27.18,26.38,35.44,40.27
mtwil,23/06/2016,eucalyptus_leucoxylon_megalocarpa,el_45,45,25,215,25.24,25.96,35.83,36.42
mtwil,23/06/2016,eucalyptus_leucoxylon_megalocarpa,el_45,45,26,199,24.4,24.08,35.85,35.24
mtwil,23/06/2016,eucalyptus_leucoxylon_megalocarpa,el_45,45,27,169,25.07,24.39,36.11,37.71
mtwil,23/06/2016,eucalyptus_leucoxylon_megalocarpa,el_45,45,28,219,23.45,22.01,32.75,33.88
mtwil,23/06/2016,eucalyptus_leucoxylon_megalocarpa,el_45,45,29,222,21.57,23.77,30.77,31.75
mtwil,23/06/2016,eucalyptus_leucoxylon_megalocarpa,el_45,45,30,200,23.34,23.52,32.82,33
mtwil,23/06/2016,eucalyptus_leucoxylon_megalocarpa,el_45,45,31,168,23.61,21.77,31.4,30.71
mtwil,23/06/2016,eucalyptus_leucoxylon_megalocarpa,el_45,45,32,216,25.32,26.44,32.02,30.54
mtwil,23/06/2016,eucalyptus_leucoxylon_megalocarpa,el_45,45,33,173,26.65,27.24,34.6,35.23
mtwil,23/06/2016,eucalyptus_leucoxylon_megalocarpa,el_45,45,34,222,21.15,21.77,33.82,33.75
mtwil,23/06/2016,eucalyptus_leucoxylon_megalocarpa,el_45,45,35,187,24.67,24.67,34.81,36.13
mtwil,23/06/2016,eucalyptus_leucoxylon_megalocarpa,el_45,45,36,234,22.53,23.64,28.59,29.95
mtwil,23/06/2016,eucalyptus_leucoxylon_megalocarpa,el_45,45,37,192,23.95,23.82,29.68,30.07
mtwil,23/06/2016,eucalyptus_leucoxylon_megalocarpa,el_45,45,38,202,22.18,22.19,31.07,31.49
mtwil,23/06/2016,eucalyptus_leucoxylon_megalocarpa,el_45,45,39,216,27.9,31.01,37.52,33.82
mtwil,23/06/2016,eucalyptus_leucoxylon_megalocarpa,el_45,45,40,186,18.09,19.26,29.58,29.26
mtwil,23/06/2016,eucalyptus_leucoxylon_megalocarpa,el_45,45,41,190,21.31,20.94,24.69,26.38
mtwil,23/06/2016,eucalyptus_leucoxylon_megalocarpa,el_45,45,42,171,27.05,26.5,31.99,31.88
mtwil,23/06/2016,eucalyptus_leucoxylon_megalocarpa,el_45,45,43,173,25.64,27.32,31.53,31.45
mtwil,23/06/2016,eucalyptus_leucoxylon_megalocarpa,el_45,45,44,200,16.7,17.42,25.95,25.15
mtwil,23/06/2016,eucalyptus_leucoxylon_megalocarpa,el_45,45,45,213,26.73,24.84,32.72,32.43
mtwil,23/06/2016,eucalyptus_leucoxylon_megalocarpa,el_18,18,1,129.6,13.8,13.72,18.24,16.96
mtwil,23/06/2016,eucalyptus_leucoxylon_megalocarpa,el_18,18,2,168.8,12.72,12.82,16.83,16.45
mtwil,23/06/2016,eucalyptus_leucoxylon_megalocarpa,el_18,18,3,177.3,12.32,12.16,21.49,23.79
mtwil,23/06/2016,eucalyptus_leucoxylon_megalocarpa,el_18,18,4,173.6,12.42,12.66,17.76,18.29
mtwil,23/06/2016,eucalyptus_leucoxylon_megalocarpa,el_18,18,5,137,12.54,12.15,21.97,25.1
mtwil,23/06/2016,eucalyptus_leucoxylon_megalocarpa,el_18,18,6,138,12.8,12.19,17.49,17.36
mtwil,23/06/2016,eucalyptus_leucoxylon_megalocarpa,el_18,18,7,184.6,13.46,13.45,17.67,17.65
mtwil,23/06/2016,eucalyptus_leucoxylon_megalocarpa,el_18,18,8,153.4,12.6,12.18,14.9,15.86
mtwil,23/06/2016,eucalyptus_leucoxylon_megalocarpa,el_18,18,9,152.7,10.7,9.97,17.16,17.15
mtwil,23/06/2016,eucalyptus_leucoxylon_megalocarpa,el_18,18,10,149.5,14.47,14.52,19.81,22
mtwil,23/06/2016,eucalyptus_leucoxylon_megalocarpa,el_18,18,11,152.9,15.38,15.62,22.02,19.33
mtwil,23/06/2016,eucalyptus_leucoxylon_megalocarpa,el_18,18,12,149.1,11.99,11.92,17.52,15.99
mtwil,23/06/2016,eucalyptus_leucoxylon_megalocarpa,el_18,18,13,149.4,12.06,11.79,20.98,22.35
mtwil,23/06/2016,eucalyptus_leucoxylon_megalocarpa,el_18,18,14,192.7,17.34,17,20.91,22.09
mtwil,23/06/2016,eucalyptus_leucoxylon_megalocarpa,el_18,18,15,134.9,10.77,10.73,20.76,19.81
mtwil,23/06/2016,eucalyptus_leucoxylon_megalocarpa,el_18,18,16,169.9,11.06,10.23,14.52,16.17
mtwil,23/06/2016,eucalyptus_leucoxylon_megalocarpa,el_18,18,17,144.8,14.9,14.16,19.74,18.43
mtwil,23/06/2016,eucalyptus_leucoxylon_megalocarpa,el_18,18,18,125.3,10.73,10.47,16.94,17.2
mtwil,23/06/2016,eucalyptus_leucoxylon_megalocarpa,el_18,18,19,147.9,8.61,8.37,13.78,13.91
mtwil,23/06/2016,eucalyptus_leucoxylon_megalocarpa,el_18,18,20,162.5,14.55,14.58,24.78,26.89
mtwil,23/06/2016,eucalyptus_leucoxylon_megalocarpa,el_18,18,21,143.2,11.53,11.25,16.1,16.78
mtwil,23/06/2016,eucalyptus_leucoxylon_megalocarpa,el_18,18,22,142,8.36,8.37,13,13.59
mtwil,23/06/2016,eucalyptus_leucoxylon_megalocarpa,el_18,18,23,153.5,10.52,10.34,16.57,15.49
mtwil,23/06/2016,eucalyptus_leucoxylon_megalocarpa,el_18,18,24,153.1,15.32,16.27,27.15,27.47
mtwil,23/06/2016,eucalyptus_leucoxylon_megalocarpa,el_18,18,25,146.1,14.16,14.03,21.32,18.11
mtwil,23/06/2016,eucalyptus_leucoxylon_megalocarpa,el_18,18,26,141.4,11.23,11.58,15.81,16.04
mtwil,23/06/2016,eucalyptus_leucoxylon_megalocarpa,el_18,18,27,126.1,8.5,8.71,16.96,17.1
mtwil,23/06/2016,eucalyptus_leucoxylon_megalocarpa,el_18,18,28,141.9,12.7,12.24,20.03,22.83
mtwil,23/06/2016,eucalyptus_leucoxylon_megalocarpa,el_18,18,29,168.3,12.04,12.52,19.57,18.36
mtwil,23/06/2016,eucalyptus_leucoxylon_megalocarpa,el_18,18,30,150.2,11.91,12.02,18.95,18.93
mtwil,23/06/2016,eucalyptus_leucoxylon_megalocarpa,el_18,18,31,142.6,13.88,13.75,16.69,16.96
mtwil,23/06/2016,eucalyptus_leucoxylon_megalocarpa,el_18,18,32,153.6,13.1,12.93,16.88,15.77
mtwil,23/06/2016,eucalyptus_leucoxylon_megalocarpa,el_18,18,33,144.4,14.23,13.81,20.55,19.29
mtwil,23/06/2016,eucalyptus_leucoxylon_megalocarpa,el_18,18,34,179.5,14.99,15.58,21.14,21.29
mtwil,23/06/2016,eucalyptus_leucoxylon_megalocarpa,el_18,18,35,163.3,14.94,13.7,16.82,19.51
mtwil,23/06/2016,eucalyptus_leucoxylon_megalocarpa,el_18,18,36,154.8,14.34,12.9,18.8,20.25
mtwil,23/06/2016,eucalyptus_leucoxylon_megalocarpa,el_18,18,37,158.3,11.91,12.07,17.35,17.29
mtwil,23/06/2016,eucalyptus_leucoxylon_megalocarpa,el_18,18,38,181.2,13.63,12.85,16.03,17.17
mtwil,23/06/2016,eucalyptus_leucoxylon_megalocarpa,el_18,18,39,153.4,11.08,11.46,14.77,14.89
mtwil,23/06/2016,eucalyptus_leucoxylon_megalocarpa,el_18,18,40,163,16.36,15.89,19.46,20.19
mtwil,23/06/2016,eucalyptus_leucoxylon_megalocarpa,el_18,18,41,134.4,12.11,12.07,17.14,17.59
mtwil,23/06/2016,eucalyptus_leucoxylon_megalocarpa,el_18,18,42,187.5,13.86,13.9,15.69,16.26
mtwil,23/06/2016,eucalyptus_leucoxylon_megalocarpa,el_18,18,43,162.3,13.78,13.85,20.35,17.71
mtwil,23/06/2016,eucalyptus_leucoxylon_megalocarpa,el_18,18,44,123,7.16,7.99,12.4,10.96
mtwil,23/06/2016,eucalyptus_leucoxylon_megalocarpa,el_18,18,45,134.7,11.65,11.85,15.16,14.46
