species,variety,container_l,onhand,date_ready,height,caliper_30cm,type,origin,growth_rate
Acer_campestra,Elsrijk,400,1,1/10/2014,3.78,75.89,deciduous,non-native,moderate
Acer_campestre,Elsrijk,45,40,1/01/2014,3,29.4,deciduous,non-native,moderate
Acer_campestre,Elsrijk,45,ngia2,,2.9,30,deciduous,non-native,moderate
Acer_campestre,Elsrijk,150,ngia2,,3.7,49,deciduous,non-native,moderate
Acer_campestre,Elsrijk,400,ngia2,,3.8,75,deciduous,non-native,moderate
Acer_miyabei,Morton-State_Street,400,1,1/10/2014,5.62,88.61,deciduous,non-native,moderate
Acer_negundo,Sensation,45,1,1/07/2014,2.5,51.2,deciduous,non-native,moderate
Acer_negundo,Sensation,150,8,1/03/2014,2.77,62.19,deciduous,non-native,moderate
Acer_palmatum,Bloodgood,37,test,,2.6,15,deciduous,non-native,slow
Acer_palmatum,Bloodgood,50,test,,2,30,deciduous,non-native,slow
Acer_palmatum,Coonara_Pygmy,75,6,1/10/2014,1.6,24.95,deciduous,non-native,slow
Acer_palmatum,Dissectum_Crimsonwave,45,25,1/01/2014,1.6,26,deciduous,non-native,slow
Acer_palmatum,Dissectum_Seiryu,45,25,1/01/2014,2.2,33.1,deciduous,non-native,slow
Acer_palmatum,Polymorphum,45,70,1/01/2015,2.76,28.73,deciduous,non-native,slow
Acer_palmatum,Sango_Kaku,150,ngia2,,2.8,41,deciduous,non-native,slow
Acer_palmatum,Villa_Taranto,75,9,1/10/2014,2.15,34.07,deciduous,non-native,slow
Acer_palmatum ,Sango_Kaku,150,ngia,,2.8,38,deciduous,non-native,slow
Acer_palmtum,Dissectum_Crimsonwave,45,27,1/12/2014,2.16,25.16,deciduous,non-native,slow
Acer_palmtum,Dissectum_Crimsonwave,45,27,1/10/2014,2.17,31.53,deciduous,non-native,slow
Acer_plantanoides,Columnare,45,1,1/11/2014,2.2,31.03,deciduous,non-native,slow
Acer_plantanoides,Crimson_Sentry,37,test,,2.3,25,deciduous,non-native,slow
Acer_plantanoides,Deborah,45,24,1/01/2015,3.37,28.11,deciduous,non-native,moderate
Acer_plantanoides,Deborah,45,24,1/01/2015,3.08,26.68,deciduous,non-native,moderate
Acer_plantanoides,Deborah,45,6,1/02/2014,3.4,30.8,deciduous,non-native,moderate
Acer_plantanoides,Deborah,300,4,1/12/2014,4.44,62.55,deciduous,non-native,moderate
Acer_plantanoides,Emerald_Queen,45,10,1/02/2014,4,36,deciduous,non-native,moderate
Acer_plantanoides,Emerald_Queen,300,3,1/12/2014,4,72.4,deciduous,non-native,moderate
Acer_plantanoides,Fairvew,45,10,1/02/2014,3.3,36.5,deciduous,non-native,moderate
Acer_rubrum,Bowhall,45,30,1/11/2014,2.76,27.23,deciduous,non-native,moderate
Acer_rubrum,Bowhall,400,1,1/08/2014,5.08,90,deciduous,non-native,moderate
Acer_rubrum,Fairvew_Flame,75,4,1/03/2014,2.85,35.46,deciduous,non-native,moderate
Acer_rubrum,Fairview_Flame,45,11,1/01/2015,2.87,25.85,deciduous,non-native,moderate
Acer_rubrum,Fairview_Flame,45,41,1/01/2015,3,26,deciduous,non-native,moderate
Acer_rubrum,October_Glory,37,test,,2.3,25,deciduous,non-native,moderate
Acer_rubrum,October_Glory,45,130,1/01/2015,2.7,25.6,deciduous,non-native,moderate
Acer_rubrum,October_Glory,50,test,,3,30,deciduous,non-native,moderate
Acer_saccharum,Bailsta-Falls_Fiesta,400,3,1/03/2014,6.24,102.57,deciduous,non-native,moderate
Acer_truncatum,Norwegian_Sunset,45,ngia2,,2.5,31,deciduous,non-native,moderate
Acer_truncatum,Norwegian_Sunset,150,ngia2,,4,68,deciduous,non-native,moderate
Acer_truncatum_x_platanoides,Taggerty_Sunset,45,52,1/01/2015,2.76,25.75,deciduous,non-native,moderate
Acer_truncatum_x_platanoides,Taggerty_Sunset,45,30,1/01/2015,3.12,28.09,deciduous,non-native,moderate
Acer_truncatum_x_platanoides,Taggerty_Sunset,45,20,1/11/2014,3.2,32.9,deciduous,non-native,moderate
Acer_truncatum_x_platanoides,Warrenred-Pacific_Sunset,25,20,1/01/2015,2.53,19.58,deciduous,non-native,moderate
Acer_truncatum_x_platanoides,Warrenred-Pacific_Sunset,45,49,1/01/2015,2.86,25.57,deciduous,non-native,moderate
Acer_truncatum_x_platanoides,Warrenred-Pacific_Sunset,300,5,1/12/2014,5.04,94.95,deciduous,non-native,moderate
Acer_x_freemanii,Celzam-Celebration,300,1,1/12/2014,6.5,79.83,deciduous,non-native,fast
Acer_x_freemanii,Jeffersred-Autumn_Blaze,45,test,,2.7,28,deciduous,non-native,moderate
Acer_x_freemanii,Jeffersred-Autumn_Blaze,45,ngia2,,1.6,22,deciduous,non-native,moderate
Acer_x_freemanii,Jeffersred-Autumn_Blaze,45,ngia2,,2.6,25,deciduous,non-native,moderate
Acer_x_freemanii,Jeffersred-Autumn_Blaze,45,32,1/01/2015,3.1,25.6,deciduous,non-native,moderate
Acer_x_freemanii,Jeffersred-Autumn_Blaze,45,42,1/01/2015,2.92,29.98,deciduous,non-native,moderate
Acer_x_freemanii,Jeffersred-Autumn_Blaze,75,50,1/01/2015,3.82,30.69,deciduous,non-native,moderate
Acer_x_freemanii,Jeffersred-Autumn_Blaze,75,8,1/01/2015,2.9,31.2,deciduous,non-native,moderate
Acer_x_freemanii,Jeffersred-Autumn_Blaze,150,ngia2,,3.2,45,deciduous,non-native,moderate
Acer_x_freemanii,Scarsen-Scarlet_Sentinel,45,16,1/10/2014,3.44,35.07,deciduous,non-native,moderate
Acer_x_freemanii,Scarsen-Scarlet_Sentinel,300,1,1/12/2014,5.8,75.06,deciduous,non-native,moderate
Acer_x_freemanii,Sienna,150,2,1/03/2014,4.22,47.44,deciduous,non-native,moderate
Acer_x_freemanii,Sienna,300,1,1/12/2014,5.2,80.88,deciduous,non-native,moderate
Acer_x_freemanii ,Celzam-Celebration,150,ngia,,5,62,deciduous,non-native,fast
Acer_x_freemanii ,Jeffersred-Autumn_Blaze,150,ngia,,3.2,43,deciduous,non-native,moderate
Angophora_costata,,45,6,1/11/2014,2,38.33,evergreen,native,fast
Angophora_costata,,45,test,,2.25,27.5,evergreen,native,fast
Angophora_costata,,50,test,,3,30,evergreen,native,fast
Banksia_integrifolia,,37,test,,2.1,24,evergreen,native,moderate
Banksia_integrifolia,,45,35,1/05/2014,3.1,41.8,evergreen,native,moderate
Betula_nigra,Summer_Cascade,45,60,1/01/2014,2.5,25.6,deciduous,non-native,fast
Betula_populifolia,Royal_Frost,45,35,1/01/2015,3,32.9,deciduous,non-native,moderate
Brachychiton_acerifolius,,45,ngia2,,1.8,43,deciduous,native,slow
Brachychiton_acerifolius,,150,32,1/07/2014,2.93,75.97,deciduous,native,slow
Brachychiton_acerifolius,,150,11,1/12/2014,2.86,74.61,deciduous,native,slow
Brachychiton_acerifolius,,400,3,1/05/2014,4.34,114.96,deciduous,native,slow
Brachychiton_bidwillii,,45,15,1/01/2014,2.2,32.7,deciduous,native,slow
Brachychiton_populneus,,45,,,3.7,93.27,evergreen,native,slow
Brachychiton_populneus,,45,ngia2,,1.8,35,evergreen,native,slow
Brachychiton_populneus,,75,10,1/05/2014,2.85,51.07,evergreen,native,slow
Brachychiton_populneus,,150,ngia2,,2.5,75,evergreen,native,slow
Brachychiton_populneus,,300,10,1/12/2014,4,116.12,evergreen,native,slow
Brachychiton_rupestris,,45,11,1/09/2014,1.63,36.91,deciduous,native,slow
Brachychiton_rupestris,,45,16,1/09/2014,1.64,36.55,deciduous,native,slow
Callistemon,Kings_Park_Special,45,18,1/11/2014,2.2,31.9,evergreen,native,fast
Callistemon,Kings_Park_Special,45,ngia2,,2.3,27,evergreen,native,fast
Carpinus_betula,Fastigiata,45,44,1/12/2014,2.23,29.75,deciduous,non-native,moderate
Carpinus_betula,Fastigiata,300,8,1/03/2014,4.1,83.08,deciduous,non-native,moderate
Catalpa_bigonoides,Nana,45,38,1/01/2015,2.8,43.98,deciduous,non-native,slow
Catalpa_bigonoides,Nana,75,54,1/01/2015,2.63,48.54,deciduous,non-native,slow
Cercis_canadensis,Covery-Lavender_Twist,45,47,1/01/2015,2.33,26.82,deciduous,non-native,fast
Cercis_canadensis,Covery-Lavender_Twist,45,3,15/09/2014,2.15,36.94,deciduous,non-native,fast
Cercis_canadensis,Forest_Pansy,45,60,1/01/2015,2.57,25.22,deciduous,non-native,fast
Cercis_canadensis,Forest_Pansy,75,4,1/09/2014,2.54,25.63,deciduous,non-native,fast
Cornus_controversa,June_Snow,45,7,1/05/2014,1.7,48.2,deciduous,non-native,moderate
Cornus_controversa,June_Snow,45,5,1/05/2014,2.6,36.6,deciduous,non-native,moderate
Corymbia_citriodora,Baby_Citrio,27,test,,2.2,22.5,evergreen,native,fast
Corymbia_citriodora,Scentuous,45,50,1/11/2014,1.95,22.77,evergreen,native,fast
Corymbia_citriodora,Scentuous,45,ngia2,,2.3,26,evergreen,native,fast
Corymbia_citriodora,Scentuous,150,ngia,,4,49,evergreen,native,fast
Corymbia_citriodora,Scentuous,150,ngia2,,4,56,evergreen,native,fast
Corymbia_citriodora,,45,7,1/09/2014,3.35,28.07,evergreen,native,fast
Corymbia_ficifolia,Calypso Queen,45,ngia2,,1.9,34,evergreen,native,moderate
Corymbia_ficifolia,Calypso_Queen,45,7,1/09/2014,1.38,40.78,evergreen,native,moderate
Corymbia_maculata,Fastigiata,300,6,1/03/2014,4.8,57.05,evergreen,native,fast
Corymbia_maculata,Little_Mac,45,ngia2,,2,33,evergreen,native,fast
Corymbia_maculata,Little_Mac,150,ngia2,,3.6,67,evergreen,native,fast
Corymbia_maculata,Little-Mac,45,6,1/05/2014,1.6,37.38,evergreen,native,fast
Corymbia_maculata,,37,test,,2.1,19,evergreen,native,fast
Corymbia_maculata,,45,test,,2.65,32.5,evergreen,native,fast
Corymbia_maculata,,45,ngia2,,2.7,29,evergreen,native,fast
Corymbia_maculata,,50,test,,3,30,evergreen,native,fast
Corymbia_maculata,,150,ngia2,,4,73,evergreen,native,fast
Corymbia_maculata ,Little_Mac,150,ngia,,3.6,62,evergreen,native,fast
Eucalyprus_robusta,,150,ngia2,,3.3,60,evergreen,native,fast
Eucalyptus_leucoxylon,connata,45,10,1/12/2014,2.04,21.13,evergreen,native,fast
Eucalyptus_leucoxylon,connata,45,21,1/10/2014,2.13,22.5,evergreen,native,fast
Eucalyptus_leucoxylon,Euky_Dwarf,45,10,1/11/2014,1.91,20.86,evergreen,native,fast
Eucalyptus_leucoxylon,Euky_Dwarf,45,5,1/09/2014,1.1,13.2,evergreen,native,fast
Eucalyptus_leucoxylon,megalocarpa,45,21,1/07/2014,1.9,25.54,evergreen,native,fast
Eucalyptus_leucoxylon,Rosea,45,ngia2,,1.9,22,evergreen,native,fast
Eucalyptus_leucoxylon,,37,test,,2,20,evergreen,native,fast
Eucalyptus_leucoxylon,,37,test,,1.9,15,evergreen,native,fast
Eucalyptus_leucoxylon,,45,test,,2.05,27.5,evergreen,native,fast
Eucalyptus_mannifera,,45,22,1/12/2014,2.4,26.4,evergreen,native,moderate
Eucalyptus_polyanthemos,,37,test,,1.8,17,evergreen,native,moderate
Eucalyptus_polyanthemos,,45,24,1/01/2015,2.03,25.02,evergreen,native,moderate
Eucalyptus_polyanthemos,,45,50,1/12/2014,2.16,21.65,evergreen,native,moderate
Eucalyptus_polyanthemos,,45,28,1/11/2014,2.6,33.2,evergreen,native,moderate
Eucalyptus_pulchella,,45,8,1/01/2015,2.37,23.41,evergreen,native,moderate
Eucalyptus_scoparia,,45,23,1/12/2014,2.77,25.52,evergreen,native,moderate
Eucalyptus_scoparia,,45,17,1/12/2014,2.8,24.1,evergreen,native,moderate
Eucalyptus_sideroxylon,Rosea,45,18,1/11/2014,2.8,29.2,evergreen,native,moderate
Eucalyptus_sideroxylon,,45,29,1/12/2014,1.72,18.18,evergreen,native,moderate
Eucalypyus_sideroxylon,Rosea,150,ngia2,,3.5,53,evergreen,native,moderate
Euclayptus_melliodora,,27,test,,2.2,26,evergreen,native,slow
Fagus_sylvatica,Rohanii,500,1,1/10/2014,4.2,45.47,deciduous,non-native,slow
Fagus_sylvatica_x_purpurea,,75,15,1/03/2014,2.13,32.27,deciduous,non-native,slow
Fraxinus_americana,Chamdell-Champaign_County,300,2,1/12/2014,3.97,63.5,deciduous,non-native,moderate
Fraxinus_pennsylvanica,Cimmzam_Cimmaron,33,test,,2.2,26,deciduous,non-native,moderate
Fraxinus_pennsylvanica,Cimmzam_Cimmaron,45,ngia2,,2.7,32,deciduous,non-native,moderate
Fraxinus_pennsylvanica,Cimmzam_Cimmaron,75,7,1/05/2014,2.81,43.21,deciduous,non-native,moderate
Fraxinus_pennsylvanica,Cimmzam_Cimmaron,150,ngia2,,3.7,52,deciduous,non-native,moderate
Fraxinus_pennsylvanica,Cimmzam_Cimmaron,300,2,1/12/2014,6.42,101.95,deciduous,non-native,moderate
Fraxinus_pennsylvanica,Cimmzam_Cimmaron,400,2,1/11/2014,6.06,107.05,deciduous,non-native,moderate
Fraxinus_pennsylvanica,Lednaw-Aerial,45,44,1/02/2014,3.55,39.7,deciduous,non-native,moderate
Ginkgo_biloba,,45,45,1/01/2015,2.5,27.2,deciduous,non-native,moderate
Ginkgo_biloba,,45,ngia2,,3.2,34,deciduous,non-native,moderate
Ginkgo_biloba,,45,ngia2,,1.6,32,deciduous,non-native,moderate
Ginkgo_biloba,,150,ngia2,,3.5,51,deciduous,non-native,moderate
Ginkgo_biloba,,400,ngia2,,4.2,88,deciduous,non-native,moderate
Gleditsia_triacanthos,Continental,37,test,,2,20,deciduous,non-native,moderate
Gleditsia_triacanthos,Continental,45,25,1/01/2015,2.1,21.11,deciduous,non-native,moderate
Gleditsia_triacanthos,Continental,45,1,1/02/2014,2.07,24.36,deciduous,non-native,moderate
Gleditsia_triacanthos,Continental,45,test,,2,22.5,deciduous,non-native,moderate
Gleditsia_triacanthos,Elegantissima,37,test,,1.8,20,deciduous,non-native,slow
Gleditsia_triacanthos,Elegantissima,45,38,1/02/2014,1.67,21.26,deciduous,non-native,slow
Gleditsia_triacanthos,Elegantissima,45,test,,1.9,17.5,deciduous,non-native,slow
Gleditsia_triacanthos,Sunburst,37,test,,2.6,17,deciduous,non-native,moderate
Gleditsia_triacanthos,Sunburst,45,46,1/02/2014,2.77,22.93,deciduous,non-native,moderate
Koelreuteria_paniculata,Golcanzam-Golden_Candle,45,46,1/01/2015,2.07,28.33,deciduous,non-native,moderate
Koelreuteria_paniculata,Golden_Rain,45,5,1/02/2014,2.66,36.74,deciduous,non-native,moderate
Koelreuteria_paniculata,Golden_Rain,45,5,1/04/2014,2.8,39.4,deciduous,non-native,moderate
Lagerstroemia_fauriei,Fantasy,45,15,1/02/2014,2.67,39.33,deciduous,non-native,moderate
Lagerstroemia_fauriei,Kiowa,45,28,1/12/2014,2.1,32.8,deciduous,non-native,moderate
Lagerstroemia_fauriei ,Townhouse,400,,,2.75,74.39,deciduous,non-native,moderate
Lagerstroemia_indica_x_fauriei,Biloxi,45,ngia2,,2.7,31,deciduous,non-native,fast
Lagerstroemia_indica_x_fauriei,Lipan,45,46,1/12/2014,2.6,32.8,deciduous,non-native,fast
Lagerstroemia_indica_x_fauriei,Natchez,35,test,,2,22.5,deciduous,non-native,fast
Lagerstroemia_indica_x_fauriei,Natchez,37,test,,2.2,20,deciduous,non-native,fast
Lagerstroemia_indica_x_fauriei,Natchez,37,test,,2.2,15,deciduous,non-native,fast
Lagerstroemia_indica_x_fauriei,Natchez,45,65,1/12/2014,2.63,28.28,deciduous,non-native,fast
Lagerstroemia_indica_x_fauriei,Natchez,45,ngia2,,1.7,20,deciduous,non-native,fast
Lagerstroemia_indica_x_fauriei,Natchez,52,test,,2.25,30,deciduous,non-native,fast
Lagerstroemia_indica_x_fauriei,Sioux,37,test,,1.8,2,deciduous,non-native,fast
Lagerstroemia_indica_x_fauriei,Sioux,45,ngia2,,1.6,23,deciduous,non-native,fast
Lagerstroemia_indica_x_fauriei,Sioux,75,8,1/04/2014,2.6,36.55,deciduous,non-native,fast
Lagerstroemia_indica_x_fauriei,Tuscarora,45,54,1/02/2014,2.6,33.5,deciduous,non-native,fast
Lagerstroemia_indica_x_fauriei,Tuscarora,45,13,1/01/2014,2.6,31.2,deciduous,non-native,fast
Lagerstroemia_indica_x_fauriei,Tuscarora,45,45,1/01/2015,2.7,33.93,deciduous,non-native,fast
Lagerstroemia_indica_x_fauriei,Tuscarora,75,60,1/01/2015,3.06,34.53,deciduous,non-native,fast
Lagerstroemia_indica_x_fauriei,Tuscarora,75,45,15/03/2014,2.68,44.39,deciduous,non-native,fast
Lagerstroemia_indica_x_fauriei,Zuni,45,ngia2,,1.3,18,deciduous,non-native,fast
Liquidambar_styraciflua,Clydesform-Emerald_Sentinel,45,13,1/12/2014,1.6,31.1,deciduous,non-native,slow
Liquidambar_styraciflua,Goduzam-Gold_Dust,45,25,1/01/2015,1.9,27,deciduous,non-native,moderate
Liquidambar_styraciflua,Goduzam-Gold_Dust,400,2,1/03/2014,5.02,88.96,deciduous,non-native,moderate
Liquidambar_styraciflua,Grazam-Grandmaster,300,1,1/12/2014,4.14,83.93,deciduous,non-native,moderate
Liquidambar_styraciflua,Grazam-Grandmaster,400,1,1/03/2014,5.04,90.16,deciduous,non-native,moderate
Liquidambar_styraciflua,Oakville_Highlight,45,50,1/12/2014,3.3,30.7,deciduous,non-native,moderate
Liquidambar_styraciflua,Oakville_Highlight,300,7,1/05/2014,5.4,108.71,deciduous,non-native,moderate
Liquidambar_styraciflua,Slender_Silhouete,45,40,1/12/2014,2,28.6,deciduous,non-native,moderate
Liquidambar_styraciflua,Slender_Silhouete,400,3,1/03/2014,6.46,89.56,deciduous,non-native,moderate
Liriodendron_tulipifera,Aureomarginatum,45,12,1/03/2014,1.5,20.6,deciduous,non-native,fast
Liriodendron_tulipifera,Tulip_Tree,45,25,1/02/2014,2.7,36.9,deciduous,non-native,fast
Lophosetmon_confertus,,45,ngia2,,2.6,39,evergreen,native,fast
Lophosetmon_confertus,,50,test,,3,30,evergreen,native,fast
Magnolia_kobus,,300,6,1/12/2014,4.4,96.54,deciduous,non-native,slow
Malus_ioensis,Plena,45,15,1/02/2014,2.11,29.54,deciduous,non-native,slow
Malus_ioensis ,Plena,37,test,,1.5,25,deciduous,non-native,slow
Malus_ioensis ,Plena,45,test,,1.7,15,deciduous,non-native,slow
Malus_ioensis ,Plena,45,test,,1.7,22.5,deciduous,non-native,slow
Malus_ioensis ,Plena,45,test,,2.35,34,deciduous,non-native,slow
Malus_ioensis ,Plena,52,test,,1.8,30,deciduous,non-native,slow
Malus_transitoria,JFS-KW5-Royal_Raindrops,45,29,1/05/2014,2.37,25.44,deciduous,non-native,moderate
Malus_transitoria,JFS-KW5-Royal_Raindrops,45,6,1/10/2014,2.66,30.67,deciduous,non-native,moderate
Malus_transitoria,Sutyzam_Sugar_Tyme,45,65,1/01/2014,2.2,24.5,deciduous,non-native,moderate
Malus_transitoria,Sutyzam_Sugar_Tyme,75,2,1/04/2014,2.14,30.84,deciduous,non-native,moderate
Malus_transitoria,Sutyzam_Sugar_Tyme,150,ngia,,2.5,44,deciduous,non-native,moderate
Malus_transitoria,Sutyzam_Sugar_Tyme,150,ngia2,,2.5,46,deciduous,non-native,moderate
Melia_azedarach,Caroline,37,test,,2.2,29,deciduous,native,fast
Melia_azedarach,Caroline,45,72,1/02/2014,2.54,43.57,deciduous,native,fast
Melia_azedarach,Caroline,45,17,1/02/2014,3.3,56.6,deciduous,native,fast
Melia_azedarach,Caroline,45,ngia2,,1.8,38,deciduous,native,fast
Melia_azedarach,Caroline,150,ngia,,3,78,deciduous,native,fast
Melia_azedarach,Caroline,150,ngia2,,3,83,deciduous,native,fast
Melia_azedarach,Fastigiata,45,3,1/02/2014,3.1,48.1,deciduous,native,fast
Melia_azedarach,Lilac_Lady,45,141,1/01/2015,2.04,22.95,deciduous,native,fast
Melia_azedarach,,45,36,1/02/2014,2.84,39.86,deciduous,native,fast
Melia_azedarach,,45,63,1/01/2015,2.61,41.82,deciduous,native,fast
Nyssa_sylvatica,Autumn_Cascades,150,4,1/10/2014,3.09,47.13,deciduous,non-native,slow
Nyssa_sylvatica,NXSXF-Forum,45,90,1/01/2015,2.1,24.49,deciduous,non-native,slow
Nyssa_sylvatica,NXSXF-Forum,45,80,1/02/2014,2.2,22,deciduous,non-native,slow
Nyssa_sylvatica,NXSXF-Forum,45,130,1/01/2015,2.2,20.3,deciduous,non-native,slow
Nyssa_sylvatica,NXSXF-Forum,45,30,1/12/2014,2.1,20.92,deciduous,non-native,slow
Olea_europaea,Swan_Hill,45,4,1/10/2014,2.2,39.6,evergreen,non-native,slow
Olea_europaea,,45,2,1/10/2014,2.4,32.2,evergreen,non-native,slow
Parrotia_persica,,45,7,1/09/2014,2.7,37.8,deciduous,non-native,slow
Parrotia_persica,,150,2,1/12/2014,4.35,82.51,deciduous,non-native,slow
Parrotia_persica,,150,10,1/12/2014,4.17,47.51,deciduous,non-native,slow
Platanus_orinetalis,Digitata,45,test,,3,32,deciduous,non-native,moderate
Platanus_orinetalis,,150,ngia2,,3.4,66,deciduous,non-native,moderate
Platanus_x_acerifolia,Bloodgood,45,ngia2,,2.2,23,deciduous,non-native,moderate
Platanus_x_acerifolia,Bloodgood,45,23,1/11/2014,3.14,36.4,deciduous,non-native,moderate
Platanus_x_acerifolia,Bloodgood,45,28,1/04/2014,3.1,38.29,deciduous,non-native,moderate
Platanus_x_acerifolia,Bloodgood,75,24,15/03/2014,3.12,34.44,deciduous,non-native,moderate
Platanus_x_acerifolia,,37,test,,2.4,25,deciduous,non-native,moderate
Platanus_x_acerifolia,,45,test,,3.25,36,deciduous,non-native,moderate
Populus_x_P.euramericana,Veronese,45,74,1/02/2014,3.5,44.8,deciduous,non-native,fast
Prunus_cerasifera,Oakville_Crimson_Spire,45,100,1/01/2015,2.68,31.94,deciduous,non-native,moderate
Prunus_fruticosa,Globosa,45,25,1/01/2015,2.28,24.25,deciduous,non-native,slow
Prunus_fruticosa,Globosa,45,1,1/09/2014,2.3,58.2,deciduous,non-native,slow
Pyrus calleryana_x_betulaefolia,Edgedell-Edgewood,75,1,1/09/2014,3.17,40.57,deciduous,non-native,moderate
Pyrus_betulaefolia,Southworth_Dancer,45,70,1/01/2015,2.25,21.39,deciduous,non-native,moderate
Pyrus_calleryana,Bursnozmam-Burguny_Snow,150,3,1/10/2014,3.83,64.7,deciduous,non-native,moderate
Pyrus_calleryana,Capital,45,42,1/01/2015,2.88,31.25,deciduous,non-native,moderate
Pyrus_calleryana,Captial,45,100,12/12/2014,2.5,31.97,deciduous,non-native,moderate
Pyrus_calleryana,Captial,300,16,1/03/2014,5.8,91.36,deciduous,non-native,moderate
Pyrus_calleryana,Chanticleer,45,47,1/01/2015,2.7,31.44,deciduous,non-native,moderate
Pyrus_calleryana,Chanticleer,45,90,1/01/2015,2.68,27.61,deciduous,non-native,moderate
Pyrus_calleryana,Chanticleer,45,90,1/01/2015,2.38,28.24,deciduous,non-native,moderate
Pyrus_calleryana,Chanticleer,45,20,1/01/2015,2.72,32.94,deciduous,non-native,moderate
Pyrus_calleryana,Chanticleer,45,30,1/01/2015,2.68,25.2,deciduous,non-native,moderate
Pyrus_calleryana,Chanticleer,45,20,1/01/2015,2.55,33.54,deciduous,non-native,moderate
Pyrus_calleryana,Chanticleer,45,27,1/01/2015,2.61,28.7,deciduous,non-native,moderate
Pyrus_calleryana,Chanticleer,45,90,1/01/2015,2.53,30.2,deciduous,non-native,moderate
Pyrus_calleryana,Chanticleer,45,ngia2,,2.9,35,deciduous,non-native,moderate
Pyrus_calleryana,Chanticleer,150,25,1/01/2014,3.72,45.13,deciduous,non-native,moderate
Pyrus_calleryana,Chanticleer,150,10,1/01/2014,3.9,54.7,deciduous,non-native,moderate
Pyrus_calleryana,Chanticleer,150,14,1/06/2014,4.3,60.26,deciduous,non-native,moderate
Pyrus_calleryana,Chanticleer,150,13,1/05/2014,3.99,53.74,deciduous,non-native,moderate
Pyrus_calleryana,Chanticleer,150,ngia,,4.4,61,deciduous,non-native,moderate
Pyrus_calleryana,Chanticleer,150,ngia2,,4.4,65,deciduous,non-native,moderate
Pyrus_calleryana ,Capital,37,test,,2.5,26,deciduous,non-native,moderate
Pyrus_calleryana ,Capital,45,test,,2.2,27.5,deciduous,non-native,moderate
Pyrus_calleryana ,Capital,50,test,,3.5,30,deciduous,non-native,moderate
Pyrus_calleryana ,Capital,52,test,,3.25,35,deciduous,non-native,moderate
Pyrus_calleryana_x_betulaefolia,Edgedell-Edgewood,45,100,1/01/2015,2.55,23.49,deciduous,non-native,moderate
Pyrus_ussuriensis,Manchurian_Pear,45,4,1/09/2014,2.9,39.5,deciduous,non-native,moderate
Quercus_acutissima,,45,test,,2.2,23,deciduous,non-native,slow
Quercus_coccinea,,300,1,1/12/2014,5.4,83.84,deciduous,non-native,moderate
Quercus_palustris,Pringreen-Green_Pillar,45,45,1/11/2014,2.4,18.2,deciduous,non-native,moderate
Quercus_palustris,Pringreen-Green_Pillar,45,6,23/10/2014,3.2,28,deciduous,non-native,moderate
Quercus_palustris,Pringreen-Green_Pillar,45,test,,2.8,29,deciduous,non-native,moderate
Quercus_robur,,18,test,,2.3,23,deciduous,non-native,slow
Quercus_rubra,Red_Oak,45,1,1/09/2014,3,41.1,deciduous,non-native,moderate
Sophora_japonicum,Pendula-Styphnolobium,150,1,1/12/2014,1.2,52.42,deciduous,non-native,fast
Tilia_cordata,PNI6025-Greenspire,45,12,1/01/2015,1.58,18.02,deciduous,non-native,moderate
Tilia_cordata,PNI6025-Greenspire,45,16,1/01/2015,2.27,26.28,deciduous,non-native,moderate
Tristaniopsis_laurina,Luscious,45,10,1/11/2014,1.8,25.08,evergreen,native,slow
Tristaniopsis_laurina,Luscious,45,80,1/12/2014,1.57,25.64,evergreen,native,slow
Tristaniopsis_laurina,Luscious,,1,1/09/2014,2.6,41.4,evergreen,native,slow
Tristaniopsis_laurina,,27,test,,1.8,25,evergreen,native,slow
Tristaniopsis_laurina,,37,test,,1.8,20,evergreen,native,slow
Tristaniopsis_laurina,,45,4,1/12/2014,1.84,24.01,evergreen,native,slow
Ulmus_parvifolia, Burnley Select,45,test,,2.2,30,deciduous,non-native,fast
Ulmus_parvifolia,Allee,45,ngia2,,3.6,36,deciduous,non-native,fast
Ulmus_parvifolia,Athena,45,ngia2,,2.5,44,deciduous,non-native,fast
Ulmus_parvifolia,Athena,75,ngia2,,3,54,deciduous,non-native,fast
Ulmus_parvifolia,Athena,150,ngia2,,2.8,48,deciduous,non-native,fast
Ulmus_parvifolia,Emer_II-Allee,150,8,1/09/2014,3.8,47,deciduous,non-native,fast
Ulmus_parvifolia,Emer-1,400,2,1/10/2014,3.84,68.7,deciduous,non-native,fast
Ulmus_parvifolia,Emer-1-Athena,150,1,1/09/2014,3.47,59.34,deciduous,non-native,fast
Ulmus_parvifolia,Reflection,45,94,1/12/2014,2.56,21.04,deciduous,non-native,fast
Ulmus_parvifolia,Reflection,45,40,1/02/2014,2.8,32,deciduous,non-native,fast
Ulmus_parvifolia,Todd,45,80,1/01/2015,2.75,27.77,deciduous,non-native,fast
Waterhousea_floribunda,,300,4,1/12/2014,4.48,112.65,evergreen,native,fast
Waterhousea_floribunda,,300,8,1/04/2014,4.04,123.32,evergreen,native,fast
Waterhousia_floribunda,,45,ngia2,,2.1,28,evergreen,native,fast
Waterhousia_floribunda,,150,ngia,,2.6,51,evergreen,native,fast
Waterhousia_floribunda,,150,ngia2,,2.6,53,evergreen,native,fast
Zelkova_serrata,Golden Flame,150,ngia2,,3.7,43,deciduous,non-native,moderate
Zelkova_serrata,Golden_Flame,45,ngia2,,3.2,24,deciduous,non-native,moderate
Zelkova_serrata,Golden_Flame,75,ngia2,,2.5,41,deciduous,non-native,moderate
Zelkova_serrata,Goldenflame,45,3,1/09/2014,2.6,29.6,deciduous,non-native,moderate
Zelkova_serrata,Goldenflame,45,60,1/01/2015,2.7,25.4,deciduous,non-native,moderate
Zelkova_serrata,Green_Vase,37,test,,2.4,18,deciduous,non-native,moderate
Zelkova_serrata,Green_Vase,45,15,1/12/2014,2.33,26.74,deciduous,non-native,moderate
Zelkova_serrata,Green_Vase,45,5,1/10/2014,3.3,29,deciduous,non-native,moderate
Zelkova_serrata,Green_Vase,45,test,,2.65,22.5,deciduous,non-native,moderate
Zelkova_serrata,Mushashino,45,32,1/02/2014,2.8,34,deciduous,non-native,moderate
Zelkova_serrata,Mushashino,45,21,1/03/2014,3.1,28.7,deciduous,non-native,moderate
Zelkova_serrata,Mushashino,45,ngia2,,2.8,28,deciduous,non-native,moderate
Zelkova_serrata,Mushashino,300,4,1/03/2014,4.62,77.3,deciduous,non-native,moderate
Zelkova_serrata,Schimidtow-Wireless,45,6,1/10/2014,2.7,29.9,deciduous,non-native,moderate
Zelkova_serrata,Schimidtow-Wireless,150,5,1/04/2014,3.1,53.39,deciduous,non-native,moderate
Zelkova_serrata,Schimidtow-Wireless,300,2,1/03/2014,4.36,93.4,deciduous,non-native,moderate
